protein 1,ABC1-A3DCU1,ABC1-C1DS84,ABC1-F0R9C2,ABC1-O05693,ABC1-O53645,ABC1-O67184,ABC1-O75027,ABC1-O85350,ABC1-P18770,ABC1-P23596,ABC1-P63391,ABC1-P73239,ABC1-Q03024,ABC1-Q1LRE9,ABC1-Q53368,ABC1-Q54456,ABC1-Q72J04,ABC1-Q88RG3,ABC1-Q8T9W4,ABC1-Q9LVM1,ABC1-Q9NP58,ABC1-Q9RHT2,ABC1-Q9XUJ1,ABC1-Q9Z3C5,ABC1-Q9ZG94,ABC2a-A8GZV2,ABC2a-AKM77948,ABC2a-B3FHE0,ABC2a-B5YBB1,ABC2a-B8D1W5,ABC2a-D1GQ17,ABC2a-E8R694,ABC2a-F8FLY7,ABC2a-J8ABC0,ABC2a-O30385,ABC2a-P24586,ABC2a-P42332,ABC2a-P42954,ABC2a-P46903,ABC2a-P50332,ABC2a-P72884,ABC2a-P94440,ABC2a-Q18BL2,ABC2a-Q1D3I3,ABC2a-Q48476,ABC2a-Q50863,ABC2a-Q53716,ABC2a-Q6E7E8,ABC2a-Q8IUA7,ABC2a-Q9I3V8,ABC2b-A4HWI7,ABC2b-A8WEV1,ABC2b-A9SCA8,ABC2b-A9YWR6,ABC2b-D3GE74,ABC2b-G7LE38,ABC2b-H9BZ66,ABC2b-I0DHI9,ABC2b-P10090,ABC2b-P25371,ABC2b-P45844,ABC2b-Q11180,ABC2b-Q55DW4,ABC2b-Q84TH5,ABC2b-Q8RXN0,ABC2b-Q9C6W5,ABC2b-Q9C8J8,ABC2b-Q9C8K2,ABC2b-Q9FNB5,ABC2b-Q9H221,ABC2b-Q9H222,ABC2b-Q9M2V7,ABC2b-Q9M3D6,ABC2b-Q9UNQ0,ABC2b-S6BKX3,ABC3-A3MWP1,ABC3-A8TDW7,ABC3-B2J284,ABC3-B8GHI2,ABC3-D6ZUW6,ABC3-E6N374,ABC3-N9J6M5,ABC3-O31711,ABC3-O34392,ABC3-O34697,ABC3-OLS17115,ABC3-OLS22653,ABC3-P75831,ABC3-Q03RZ6,ABC3-Q58206,ABC3-Q73MJ2,ABC3-Q8DQF8,ABC3-Q8RKC1,ABC3-Q8TM30,ABC3-Q8VUH2,ABC3-Q8Y5F0,ABC3-Q973J6,ABC3-Q9RL74,ABC3-RCX16582,ABC3-RDE13438
ABC1-A3DCU1,298.0,129.0,144.0,107.0,127.0,129.0,150.0,119.0,147.0,102.0,118.0,166.0,117.0,137.0,65.9,98.6,137.0,120.0,152.0,133.0,125.0,110.0,130.0,94.4,97.4,63.5,53.5,43.1,62.0,77.4,38.9,65.5,60.1,71.2,51.6,48.5,68.2,55.8,71.6,62.4,48.1,58.2,68.6,77.8,41.2,77.8,57.0,57.8,62.0,45.1,46.2,49.3,53.1,53.5,54.3,56.6,55.5,42.0,58.2,52.0,55.1,57.0,53.5,54.3,52.4,51.2,45.4,46.6,53.5,58.5,53.1,57.8,56.2,39.3,43.5,60.5,75.1,66.6,77.8,65.1,66.2,68.6,60.8,75.1,63.9,69.3,56.6,65.5,66.2,67.4,65.9,74.3,67.4,57.0,75.9,67.4,70.1,75.5,64.3,71.2
ABC1-C1DS84,129.0,295.0,115.0,170.0,124.0,202.0,121.0,189.0,130.0,184.0,113.0,127.0,199.0,122.0,127.0,199.0,115.0,122.0,117.0,122.0,125.0,200.0,125.0,187.0,191.0,56.6,55.1,35.8,70.1,63.9,34.7,60.5,67.4,65.9,53.9,31.2,56.6,44.3,60.1,67.8,37.7,53.5,70.1,45.4,34.7,45.4,47.4,43.1,61.2,42.0,52.0,42.0,54.7,55.5,62.8,68.9,52.4,44.3,55.5,47.4,56.2,52.0,49.3,56.6,64.7,47.0,50.8,50.1,53.9,52.4,44.3,52.8,55.1,35.4,51.2,60.1,70.1,59.7,59.3,67.0,66.6,53.9,69.7,73.2,69.3,64.7,48.5,60.1,55.1,67.8,67.8,63.2,58.2,67.4,70.1,68.2,62.8,64.3,55.8,64.7
ABC1-F0R9C2,144.0,115.0,295.0,110.0,126.0,118.0,130.0,121.0,122.0,94.0,106.0,124.0,108.0,127.0,68.2,105.0,112.0,97.8,127.0,120.0,124.0,95.1,114.0,105.0,96.3,47.8,47.8,38.5,53.5,63.2,27.7,51.6,44.3,60.5,42.7,37.4,55.5,43.1,67.4,42.7,35.4,72.8,43.5,53.5,26.9,53.5,55.5,45.4,56.6,34.3,36.2,37.0,53.9,53.5,51.6,52.0,38.5,33.1,47.4,41.6,46.2,48.9,52.0,45.8,39.7,46.2,42.4,53.9,49.3,59.3,51.6,47.8,47.0,32.7,49.7,58.9,77.4,62.0,63.5,56.6,64.7,55.5,64.7,68.2,66.6,70.1,63.2,69.7,64.3,61.6,86.7,57.4,60.8,65.9,72.8,57.4,69.3,63.2,66.2,66.6
ABC1-O05693,118.0,184.0,114.0,295.0,122.0,172.0,115.0,178.0,108.0,160.0,107.0,106.0,173.0,119.0,121.0,174.0,90.9,112.0,99.0,107.0,114.0,161.0,115.0,172.0,173.0,58.5,35.4,38.1,59.7,53.5,27.7,47.4,49.7,61.2,45.1,0.0,47.4,37.0,50.1,54.7,35.4,58.5,50.4,37.7,29.3,37.7,31.2,37.7,52.4,30.4,37.4,43.5,41.2,49.7,57.8,52.8,45.8,36.2,49.3,54.3,36.6,44.7,44.3,40.0,0.0,42.7,0.0,32.7,62.8,52.4,44.7,58.9,59.3,28.1,49.3,47.0,56.6,51.2,46.2,49.3,57.8,45.8,56.2,63.9,55.8,48.1,37.4,58.2,62.0,52.0,38.9,43.9,53.5,43.9,56.6,56.2,60.5,63.2,50.8,44.7
ABC1-O53645,127.0,124.0,126.0,109.0,294.0,119.0,144.0,107.0,132.0,117.0,134.0,153.0,103.0,169.0,67.4,104.0,137.0,115.0,144.0,160.0,150.0,92.4,160.0,104.0,106.0,58.2,53.5,29.3,53.9,55.8,29.6,64.3,57.8,83.6,41.6,26.2,52.4,39.7,59.3,57.4,44.7,70.1,54.3,43.1,28.9,43.1,45.8,33.1,43.9,32.0,33.1,43.9,49.3,42.7,64.3,52.4,53.9,39.7,52.0,50.1,51.6,42.4,43.1,50.1,53.5,55.5,48.9,50.8,60.8,55.1,48.5,60.1,60.5,31.6,55.5,54.3,65.5,54.7,64.3,63.2,57.8,58.2,62.0,62.4,63.9,57.4,46.6,68.2,58.9,57.8,71.2,59.7,62.0,55.1,67.4,62.4,68.6,72.8,53.5,55.8
ABC1-O67184,129.0,202.0,118.0,162.0,119.0,294.0,111.0,180.0,129.0,167.0,104.0,122.0,182.0,108.0,113.0,176.0,109.0,120.0,119.0,109.0,119.0,166.0,121.0,183.0,158.0,52.4,58.5,36.2,62.0,55.1,29.6,63.2,53.5,60.8,60.1,35.8,56.2,33.1,61.2,63.2,36.2,51.2,58.2,50.1,33.9,50.1,49.3,38.1,66.6,43.5,53.5,45.4,54.3,48.5,58.5,72.4,61.6,45.4,47.8,52.8,56.2,53.1,63.5,64.7,56.2,48.1,48.9,52.0,44.7,54.7,49.7,45.1,44.7,42.0,52.8,66.6,76.3,72.4,74.7,82.4,74.7,63.5,73.6,73.9,75.1,78.2,64.7,64.3,70.1,79.3,64.3,73.9,67.4,80.9,75.5,70.5,77.0,74.7,61.2,70.1
ABC1-O75027,150.0,121.0,130.0,106.0,144.0,111.0,299.0,108.0,133.0,105.0,122.0,157.0,99.8,178.0,64.3,93.6,133.0,107.0,149.0,193.0,182.0,100.0,177.0,91.3,97.1,53.5,45.1,37.0,53.5,65.9,24.3,48.1,53.5,70.5,44.3,37.7,60.5,44.7,64.7,60.5,45.4,53.5,43.5,50.1,34.7,50.1,43.5,40.8,55.8,33.9,41.2,38.9,64.7,47.4,47.4,64.3,44.7,45.1,53.5,52.0,57.0,40.8,57.8,55.8,50.1,59.7,41.2,43.1,54.7,59.3,52.8,54.7,57.8,36.6,50.8,63.2,79.0,65.9,70.9,51.6,68.6,62.4,76.3,60.5,59.3,60.1,54.3,65.1,60.5,63.5,72.0,68.9,70.5,56.2,69.7,63.2,63.2,63.5,50.8,64.3
ABC1-O85350,119.0,189.0,121.0,168.0,107.0,180.0,108.0,295.0,114.0,142.0,92.0,122.0,167.0,110.0,110.0,173.0,93.2,114.0,113.0,120.0,124.0,162.0,123.0,171.0,160.0,52.8,53.5,35.8,56.6,55.5,21.9,47.4,60.8,58.9,46.2,30.0,51.2,0.0,53.9,56.2,30.4,58.9,56.2,35.4,36.2,35.4,45.8,35.8,56.2,28.1,38.5,49.3,44.3,56.2,51.6,55.5,43.1,32.3,48.1,38.9,51.2,42.7,47.8,46.6,40.8,40.4,46.6,40.0,39.3,44.7,34.7,37.0,45.4,35.4,46.2,56.2,60.8,57.8,51.6,49.7,64.3,45.4,60.5,57.8,62.4,59.3,48.5,58.9,51.2,49.3,57.0,50.8,48.5,53.9,60.8,57.0,54.7,62.0,49.7,54.7
ABC1-P18770,147.0,130.0,122.0,96.7,132.0,129.0,133.0,114.0,293.0,104.0,124.0,154.0,102.0,149.0,64.3,103.0,132.0,115.0,154.0,132.0,139.0,106.0,148.0,85.5,101.0,41.6,64.3,38.1,68.6,55.1,45.8,61.2,73.9,65.9,62.0,36.2,62.4,53.5,73.6,58.9,44.3,68.2,63.2,50.8,32.3,50.8,54.7,45.4,51.6,43.9,43.5,45.4,58.9,54.3,52.0,70.1,54.7,42.4,48.1,49.3,51.2,42.4,52.8,62.0,52.4,54.7,45.4,48.1,50.4,49.7,54.3,51.2,52.8,37.0,39.3,62.0,67.4,65.5,70.5,67.0,75.1,61.6,63.5,73.2,66.6,61.6,54.3,66.6,60.5,65.1,70.5,70.5,63.9,68.6,78.6,71.2,81.3,71.2,62.0,65.9
ABC1-P23596,116.0,197.0,111.0,162.0,129.0,184.0,121.0,162.0,124.0,293.0,110.0,115.0,169.0,118.0,125.0,184.0,111.0,116.0,105.0,110.0,119.0,185.0,121.0,155.0,172.0,58.5,58.2,43.5,65.1,46.6,33.9,54.7,57.8,57.8,45.4,32.0,57.0,41.2,57.8,67.0,39.3,50.4,59.7,42.4,33.5,42.4,45.4,45.4,58.2,39.3,43.5,51.2,52.0,57.4,64.3,74.7,45.4,44.3,56.6,55.8,45.4,43.1,54.3,52.0,50.1,47.8,42.7,36.2,65.9,51.2,45.4,60.8,62.4,41.2,44.7,57.8,70.9,66.6,57.4,65.5,65.1,50.8,65.1,67.0,62.8,68.2,54.3,53.5,59.7,63.5,63.9,53.5,61.6,58.2,69.7,62.8,66.6,64.3,62.4,60.8
ABC1-P63391,118.0,113.0,106.0,96.3,134.0,104.0,122.0,92.0,124.0,94.0,286.0,120.0,97.8,133.0,50.4,107.0,99.8,87.0,113.0,112.0,125.0,83.2,113.0,96.7,87.0,39.3,51.6,27.3,51.2,51.6,31.6,45.1,32.0,53.9,33.1,25.4,39.7,38.5,55.5,50.8,34.7,51.2,51.6,31.2,28.9,31.2,44.3,25.4,58.9,35.8,45.8,43.1,60.8,45.1,48.1,61.6,50.1,42.0,53.9,48.9,56.6,45.1,49.7,62.8,53.5,54.3,48.5,55.5,45.4,57.0,50.4,45.8,49.7,41.6,50.4,69.7,70.9,62.4,68.6,69.3,67.4,62.0,69.7,72.4,61.6,62.4,54.7,75.1,53.1,62.0,76.6,61.2,65.5,59.7,65.9,66.6,68.9,60.8,61.2,72.4
ABC1-P73239,166.0,127.0,124.0,99.8,153.0,122.0,157.0,122.0,154.0,100.0,120.0,296.0,108.0,160.0,70.5,97.4,131.0,125.0,170.0,154.0,141.0,99.8,156.0,99.8,99.0,49.3,44.7,34.3,62.4,67.4,37.7,53.9,62.8,81.6,52.4,42.7,63.2,53.1,63.2,62.0,50.1,68.2,59.7,62.4,30.8,62.4,52.0,41.6,47.8,43.9,44.7,50.1,74.3,55.1,53.1,63.9,52.4,52.4,58.5,50.1,65.9,62.0,58.9,69.3,55.5,63.2,57.4,55.8,57.0,60.8,53.9,60.5,62.8,53.5,50.8,67.8,60.1,67.4,68.6,59.7,64.7,56.6,64.7,65.9,65.9,64.3,52.8,72.0,57.0,72.8,60.5,67.8,63.2,55.8,71.2,70.5,75.9,65.1,53.5,72.8
ABC1-Q03024,130.0,212.0,125.0,175.0,116.0,198.0,113.0,185.0,119.0,168.0,113.0,122.0,285.0,116.0,126.0,194.0,119.0,118.0,120.0,121.0,117.0,190.0,121.0,181.0,183.0,47.8,47.0,32.7,65.1,67.4,28.5,50.4,54.7,65.1,57.0,32.3,55.5,32.3,58.5,58.2,30.4,61.6,55.1,47.8,25.0,47.8,44.3,35.0,55.8,33.5,47.4,47.8,52.4,52.4,58.9,55.8,58.2,40.4,51.6,49.7,53.9,47.0,52.4,57.4,52.8,45.8,44.7,44.3,48.9,52.0,45.4,44.7,49.7,37.4,49.3,52.4,64.7,58.9,56.6,58.2,56.2,55.1,65.1,60.1,72.0,63.9,48.1,62.8,62.8,63.2,55.1,57.4,58.5,54.3,55.5,65.1,62.0,65.1,49.7,59.3
ABC1-Q1LRE9,137.0,122.0,127.0,103.0,169.0,108.0,178.0,110.0,149.0,102.0,133.0,160.0,102.0,298.0,55.8,95.9,129.0,105.0,157.0,197.0,188.0,98.2,196.0,103.0,103.0,54.7,48.1,31.2,57.8,53.1,37.0,44.3,40.8,61.6,45.1,31.6,54.7,45.8,57.0,58.5,49.3,53.1,52.0,49.7,34.7,49.7,47.8,36.2,54.7,31.2,35.4,37.4,50.1,44.3,41.6,52.0,48.9,44.7,45.8,48.1,60.5,44.3,47.8,53.9,50.1,56.6,55.1,43.1,48.9,57.4,47.0,45.1,53.5,43.5,55.1,60.5,55.5,58.5,58.2,55.8,66.6,67.0,58.2,67.4,57.4,57.0,43.9,51.2,58.5,61.2,69.7,56.6,53.9,51.2,83.6,54.7,60.1,67.0,61.2,70.1
ABC1-Q53368,99.4,162.0,98.6,144.0,92.4,152.0,102.0,150.0,102.0,156.0,80.1,100.0,151.0,87.8,266.0,156.0,104.0,99.8,89.0,96.3,103.0,173.0,99.0,131.0,153.0,49.3,49.3,43.9,62.0,54.3,30.4,46.6,57.4,52.8,42.7,25.0,55.1,32.7,53.9,58.2,31.6,48.5,46.2,38.9,26.2,38.9,46.6,40.0,53.1,42.7,43.5,46.2,47.4,42.7,50.1,50.1,51.2,34.3,50.1,42.7,45.8,46.6,46.2,50.1,40.8,40.4,37.4,38.9,46.2,50.1,43.1,42.7,43.5,34.3,50.4,45.4,57.0,47.8,53.5,43.1,57.0,48.1,54.7,59.7,55.8,55.5,42.7,48.9,47.8,46.2,47.8,54.7,48.1,55.1,55.8,54.7,53.5,48.9,50.1,44.7
ABC1-Q54456,111.0,212.0,122.0,177.0,117.0,192.0,107.0,191.0,120.0,181.0,122.0,111.0,192.0,110.0,127.0,292.0,106.0,122.0,106.0,115.0,129.0,193.0,120.0,185.0,189.0,54.3,50.1,42.4,61.2,62.8,29.3,52.0,55.8,62.8,54.7,25.0,59.7,41.6,61.6,60.8,37.7,56.6,59.7,35.0,29.3,35.0,47.0,42.4,56.2,44.3,48.9,52.4,62.8,45.1,52.4,68.6,53.5,29.3,51.6,44.7,42.4,53.9,47.4,53.5,50.1,41.6,47.8,48.1,43.9,53.1,45.1,44.7,52.8,32.0,50.1,56.6,70.1,67.4,63.9,62.4,64.3,48.1,69.7,66.6,72.4,55.8,57.8,57.4,58.9,67.8,60.8,48.9,59.7,56.2,60.5,67.4,64.7,67.4,66.2,55.5
ABC1-Q72J04,137.0,115.0,112.0,82.0,137.0,109.0,133.0,93.2,132.0,95.1,99.8,131.0,106.0,129.0,66.2,92.8,288.0,103.0,137.0,134.0,131.0,94.4,130.0,81.6,80.1,43.5,52.0,28.9,50.1,53.9,40.4,63.5,50.1,62.8,50.1,33.9,51.6,40.4,60.1,44.3,47.4,55.1,50.4,63.5,30.4,63.5,50.4,37.7,50.4,33.9,37.0,32.3,39.3,42.7,37.0,37.4,38.9,28.1,33.1,35.4,37.4,0.0,41.6,42.0,33.9,38.1,34.7,35.0,35.8,37.0,45.1,34.7,33.1,33.5,41.6,55.8,65.9,60.5,52.8,51.6,53.1,52.0,55.1,52.4,50.8,60.8,43.5,43.9,58.9,60.1,57.8,57.0,52.0,45.4,58.2,57.8,73.6,48.5,48.9,49.7
ABC1-Q88RG3,135.0,136.0,110.0,113.0,129.0,135.0,119.0,125.0,130.0,113.0,97.4,141.0,114.0,122.0,72.0,118.0,115.0,290.0,127.0,122.0,126.0,115.0,126.0,103.0,115.0,43.9,48.1,38.5,63.9,56.6,32.7,59.3,69.7,72.0,53.9,40.8,58.2,37.7,62.4,71.2,40.0,68.6,52.8,54.3,34.7,54.3,51.6,47.0,64.3,38.9,40.0,35.0,56.6,38.9,50.1,67.8,55.1,47.0,52.4,49.7,57.0,42.7,46.2,56.6,48.1,49.3,41.6,46.2,37.4,57.8,46.2,40.4,40.0,47.4,43.1,72.4,68.6,65.1,73.6,80.5,74.3,60.8,65.1,79.0,68.6,73.6,57.4,69.7,63.2,76.6,70.1,71.2,64.7,63.5,77.4,69.3,73.6,70.5,61.6,73.9
ABC1-Q8T9W4,152.0,117.0,127.0,90.5,144.0,119.0,149.0,113.0,154.0,90.9,113.0,170.0,107.0,157.0,62.8,93.6,137.0,110.0,298.0,151.0,158.0,96.7,157.0,88.2,84.3,48.9,49.7,33.5,56.2,58.2,34.3,50.8,45.4,60.1,60.5,33.9,57.8,48.9,68.6,55.5,43.5,65.1,55.1,50.1,29.3,50.1,52.0,34.7,52.8,38.9,37.4,54.3,58.5,51.2,55.1,66.6,49.7,45.8,47.8,53.5,55.1,45.1,52.4,64.7,51.6,57.0,52.0,53.9,59.3,50.1,47.4,59.7,63.5,50.1,45.1,61.6,65.1,70.9,71.2,70.9,68.9,60.5,63.9,69.3,63.2,70.5,50.4,60.1,64.7,69.3,68.9,66.6,61.2,67.0,78.6,72.0,83.2,65.5,62.4,73.6
ABC1-Q9LVM1,133.0,122.0,120.0,96.3,160.0,109.0,193.0,120.0,132.0,94.4,112.0,154.0,107.0,197.0,65.1,100.0,134.0,108.0,151.0,302.0,199.0,94.4,190.0,98.2,97.1,49.7,47.8,31.2,53.5,56.6,23.9,43.9,45.4,69.3,38.9,40.4,52.0,37.7,56.2,59.7,38.9,65.1,49.3,48.1,32.0,48.1,48.1,43.1,46.6,33.1,39.7,45.4,52.8,50.1,54.7,43.1,50.4,43.5,55.1,57.8,51.2,56.2,42.4,51.6,57.8,63.2,50.8,60.5,50.1,50.8,52.8,48.5,48.5,45.8,55.1,51.2,59.3,63.9,70.1,53.5,73.6,60.8,62.4,66.2,69.3,58.2,49.3,66.6,59.3,58.2,72.8,63.2,57.8,55.1,79.0,65.1,65.1,72.4,53.1,71.2
ABC1-Q9NP58,125.0,125.0,124.0,103.0,150.0,119.0,182.0,124.0,139.0,105.0,125.0,141.0,104.0,188.0,68.2,115.0,131.0,112.0,158.0,199.0,300.0,119.0,192.0,109.0,107.0,55.8,54.3,34.3,64.3,53.1,26.6,45.8,50.4,70.1,48.5,32.0,50.4,50.4,68.9,59.3,43.5,67.0,53.5,45.1,37.4,45.1,42.0,39.3,53.5,36.6,47.8,48.9,60.1,52.4,60.1,57.8,55.8,40.8,44.3,55.1,46.2,45.4,52.4,52.0,58.5,60.8,51.6,51.2,45.8,60.8,44.7,43.9,48.9,44.7,48.1,61.6,52.4,66.6,68.2,60.1,73.2,65.9,71.2,64.7,67.0,57.4,55.5,67.8,55.5,58.2,73.2,63.5,59.3,64.3,81.3,65.9,62.8,77.8,53.9,66.6
ABC1-Q9RHT2,126.0,212.0,114.0,166.0,105.0,182.0,116.0,183.0,126.0,184.0,99.4,115.0,189.0,115.0,143.0,194.0,110.0,123.0,111.0,112.0,134.0,289.0,117.0,157.0,189.0,52.8,48.1,38.9,62.4,59.7,39.3,52.0,65.5,55.8,49.7,34.7,65.1,39.3,53.9,69.3,38.9,50.4,63.2,47.8,31.2,47.8,49.7,43.5,55.8,41.2,43.1,56.6,48.1,53.5,58.2,65.9,55.5,38.9,47.4,51.6,50.1,46.2,43.5,50.8,51.6,47.0,50.1,41.6,46.2,54.3,33.5,42.7,51.2,36.2,41.6,55.5,64.3,60.5,52.4,63.2,67.8,53.5,68.9,71.2,59.7,62.0,44.7,57.0,60.8,57.4,60.1,64.3,59.7,59.3,67.4,72.8,62.8,58.5,56.6,65.5
ABC1-Q9XUJ1,130.0,125.0,114.0,101.0,160.0,121.0,177.0,123.0,148.0,105.0,113.0,156.0,106.0,196.0,65.1,105.0,130.0,112.0,157.0,190.0,192.0,100.0,300.0,103.0,105.0,52.0,48.9,35.8,54.7,54.7,29.3,46.2,48.1,68.2,47.8,34.3,53.1,45.8,58.5,58.2,46.6,60.5,59.3,40.0,39.3,40.0,45.8,37.7,51.6,37.7,38.1,43.5,62.8,50.1,58.9,53.9,53.1,38.9,42.0,56.6,58.2,49.7,47.4,53.1,61.2,54.7,49.7,56.6,61.2,53.5,47.0,62.0,60.1,35.8,55.5,55.1,59.7,65.1,60.5,58.2,73.6,55.1,65.1,61.2,58.9,68.9,60.8,58.5,59.7,67.4,69.3,61.6,65.1,58.9,72.4,69.3,63.5,66.2,62.8,72.4
ABC1-Q9Z3C5,103.0,201.0,121.0,170.0,119.0,200.0,106.0,188.0,100.0,152.0,107.0,113.0,179.0,119.0,112.0,185.0,96.7,101.0,101.0,114.0,124.0,155.0,118.0,293.0,165.0,47.8,46.2,35.0,58.2,50.8,23.1,51.6,47.8,60.1,40.8,25.8,46.2,26.2,63.9,58.9,34.7,60.5,48.9,33.5,28.1,33.5,35.8,32.3,53.5,28.1,52.4,43.5,50.8,45.1,55.5,59.3,58.2,37.4,39.7,44.7,48.9,40.8,45.4,50.4,45.8,46.2,40.8,48.5,42.0,58.2,40.0,37.7,46.2,36.6,51.6,57.4,57.8,55.5,50.4,55.1,62.8,47.8,58.9,67.4,63.2,58.2,52.8,56.6,59.3,57.0,54.3,53.5,60.1,60.1,66.6,57.0,57.4,67.4,54.7,55.1
ABC1-Q9ZG94,113.0,206.0,115.0,175.0,120.0,172.0,112.0,177.0,125.0,171.0,107.0,116.0,187.0,119.0,136.0,193.0,98.2,118.0,100.0,115.0,122.0,191.0,123.0,167.0,289.0,55.5,52.4,44.3,58.9,51.6,31.2,52.8,58.5,57.8,57.0,24.6,57.4,40.8,57.4,59.7,33.1,57.0,65.5,37.7,35.8,37.7,40.8,39.7,59.3,42.4,42.7,47.4,44.7,49.7,60.5,60.1,55.1,37.4,53.5,56.6,55.1,61.2,51.6,49.3,52.4,43.1,43.9,40.8,57.8,47.0,58.5,55.8,53.1,33.1,46.6,53.9,58.2,58.2,58.5,62.4,63.5,54.7,70.9,67.4,67.0,61.6,44.3,68.2,62.8,57.0,61.6,52.8,53.9,53.5,74.7,65.9,64.3,64.7,53.1,58.2
ABC2a-A8GZV2,72.0,67.4,55.1,58.5,60.8,63.5,62.4,62.4,47.0,64.7,43.9,61.6,55.5,63.5,47.4,61.6,49.7,41.6,55.1,58.9,64.3,59.7,65.1,55.1,62.8,277.0,84.7,72.8,107.0,95.5,59.7,108.0,108.0,108.0,110.0,65.5,103.0,73.9,102.0,86.3,82.0,101.0,99.8,71.6,77.8,71.6,89.4,80.9,94.0,74.7,49.7,57.8,56.2,51.2,54.7,69.3,52.0,50.1,61.6,48.1,46.2,62.4,63.5,58.2,56.2,62.4,65.1,66.6,59.3,58.2,69.7,55.8,61.6,56.6,57.4,74.7,58.2,65.5,55.8,67.4,79.0,57.0,62.4,70.9,58.2,65.9,58.2,56.6,63.9,56.2,59.7,64.3,64.7,50.1,69.7,78.6,49.7,71.2,72.4,73.2
ABC2a-AKM77948,53.5,55.1,47.8,33.1,53.5,58.5,45.1,53.5,64.3,52.0,51.6,44.7,42.0,48.1,39.7,45.8,52.0,36.6,49.7,47.8,54.3,45.1,48.9,42.0,47.0,74.7,278.0,57.8,76.6,70.1,57.4,88.6,94.0,75.9,76.3,61.2,78.2,64.3,90.5,76.3,71.6,80.9,78.2,65.5,57.0,65.5,90.1,70.9,70.5,64.7,42.7,39.7,56.6,42.7,45.8,64.3,56.6,47.0,56.6,41.6,44.3,53.5,47.8,63.9,56.6,50.4,53.9,63.5,46.6,59.3,63.9,47.8,51.6,43.1,54.3,56.6,52.8,54.7,51.6,61.2,60.8,51.6,60.1,57.0,59.7,63.9,48.5,57.8,40.8,42.0,55.1,54.7,47.0,60.8,61.6,59.7,50.8,50.4,58.2,67.8
ABC2a-B3FHE0,43.1,35.8,38.5,37.7,29.3,36.2,37.0,35.8,38.1,43.9,27.3,34.3,33.1,31.2,41.6,43.1,28.9,38.1,33.5,31.2,34.3,39.3,35.8,35.8,44.7,62.8,57.8,265.0,65.1,52.4,104.0,60.8,62.4,55.8,43.1,137.0,55.5,106.0,69.3,50.1,96.7,60.5,55.8,97.8,99.0,97.8,54.7,97.4,42.7,86.7,25.0,30.8,30.0,28.5,33.9,33.5,26.9,22.3,27.7,26.2,32.7,36.2,25.8,26.6,21.2,23.9,22.7,24.6,26.2,30.8,32.0,27.7,31.2,23.5,29.6,37.7,48.9,37.7,37.4,36.2,47.4,34.3,37.7,44.3,35.0,37.0,37.4,32.3,38.1,37.7,36.2,38.5,36.6,39.7,48.9,44.3,37.7,39.7,44.3,44.3
ABC2a-B5YBB1,62.0,70.1,53.5,52.0,53.9,62.0,53.5,56.6,68.6,60.8,51.2,62.4,60.8,57.8,50.8,57.4,50.1,49.7,56.2,53.5,64.3,58.2,54.7,53.5,53.5,92.8,76.6,65.1,270.0,160.0,62.4,94.0,107.0,122.0,95.5,55.8,122.0,57.4,116.0,103.0,71.2,120.0,98.2,73.9,68.2,73.9,87.0,65.1,69.7,61.6,40.4,44.7,45.1,72.0,63.5,77.8,43.5,45.8,35.8,40.0,61.6,48.5,58.9,59.7,46.2,59.3,42.7,42.7,48.1,52.8,52.4,47.0,53.9,47.0,50.8,89.4,90.9,68.9,79.7,75.1,87.4,80.9,87.4,87.4,81.6,87.8,65.5,70.1,75.9,79.0,87.8,88.2,72.0,78.6,80.1,76.3,85.5,86.7,83.6,89.4
ABC2a-B8D1W5,77.4,63.9,63.2,50.1,55.8,55.1,65.9,55.5,55.1,39.3,51.6,67.4,59.3,53.1,44.7,54.7,53.9,42.4,58.2,56.6,53.1,52.0,54.7,47.0,44.7,80.9,70.1,52.4,160.0,274.0,44.7,87.4,94.4,108.0,102.0,52.0,112.0,55.1,110.0,97.1,75.9,108.0,99.8,68.9,58.5,68.9,79.0,65.1,76.6,54.7,35.4,44.3,45.1,65.5,55.1,69.7,46.6,50.4,38.1,42.4,65.1,45.1,57.8,51.6,38.1,59.3,40.0,41.6,46.2,49.3,51.6,46.6,57.4,49.7,51.2,72.8,74.3,69.3,77.8,68.6,87.0,63.5,73.9,85.9,73.9,86.3,73.9,68.9,69.7,80.1,69.7,69.7,72.0,78.2,65.1,73.9,91.3,73.2,84.7,91.3
ABC2a-D1GQ17,38.9,34.7,27.7,27.3,29.6,29.6,24.3,21.9,45.8,35.0,31.6,37.7,29.3,37.0,31.2,30.0,40.4,26.9,34.3,23.9,26.6,40.0,29.3,22.7,31.6,52.4,57.4,104.0,62.4,44.7,258.0,58.5,62.8,45.4,42.7,90.5,52.0,155.0,65.1,53.5,99.0,51.6,62.0,110.0,119.0,110.0,67.0,103.0,49.3,117.0,23.9,23.9,28.9,26.6,29.3,39.3,27.7,20.4,35.0,21.6,29.6,28.9,22.7,32.0,28.9,37.7,34.7,32.3,29.6,29.3,32.3,30.4,35.4,23.9,39.3,47.8,56.6,41.2,49.3,33.1,52.0,42.7,48.9,55.5,27.7,48.1,46.6,39.7,35.8,47.0,43.9,53.1,37.7,48.5,41.2,40.8,55.5,30.0,51.6,42.4
ABC2a-E8R694,65.5,60.5,51.6,44.7,64.3,63.2,48.1,47.4,61.2,50.1,45.1,53.9,45.8,44.3,33.9,45.4,63.5,47.0,50.8,43.9,45.8,46.2,46.2,46.6,46.2,93.6,88.6,60.8,94.0,87.4,58.5,288.0,124.0,117.0,116.0,66.6,100.0,81.3,112.0,83.2,70.9,107.0,103.0,72.0,77.8,72.0,75.5,62.0,85.9,74.3,53.9,52.0,43.5,56.2,56.2,80.1,47.8,43.9,63.2,44.7,61.6,69.3,65.5,55.8,53.5,56.6,46.6,51.6,53.9,67.8,72.8,55.1,57.8,45.4,59.3,65.5,65.9,62.4,59.7,83.2,63.9,56.2,68.6,68.9,63.9,64.7,68.6,61.2,65.5,59.3,65.5,70.1,56.2,61.2,60.8,67.4,66.2,57.0,63.2,65.1
ABC2a-F8FLY7,60.1,67.4,44.3,46.6,57.8,53.5,53.5,60.8,73.9,54.3,32.0,62.8,51.6,40.8,43.1,52.8,50.1,55.1,45.4,45.4,50.4,61.6,48.1,45.1,55.8,94.7,94.0,62.4,107.0,94.4,62.8,124.0,291.0,106.0,111.0,64.7,99.4,63.5,110.0,90.5,74.3,103.0,100.0,67.4,72.8,67.4,96.7,72.4,57.8,74.3,49.3,48.1,59.7,62.8,55.8,76.6,46.2,52.0,45.4,42.0,45.4,53.9,62.4,63.2,50.1,55.5,46.6,48.9,41.2,56.6,56.2,43.9,47.8,53.1,56.6,82.0,65.1,61.2,53.9,68.2,75.1,45.1,68.9,67.8,71.6,67.8,71.2,65.1,65.5,56.2,63.9,61.2,61.6,64.7,67.0,66.6,69.7,68.6,55.1,76.6
ABC2a-J8ABC0,71.2,65.9,60.5,53.5,83.6,60.8,70.5,58.9,65.9,50.8,53.9,81.6,57.8,61.6,43.9,55.8,62.8,58.2,60.1,69.3,70.1,49.3,68.2,52.0,50.4,98.2,75.9,55.8,122.0,108.0,45.4,117.0,106.0,288.0,101.0,54.3,112.0,67.0,114.0,108.0,72.0,218.0,100.0,77.0,70.1,77.0,105.0,83.6,72.8,62.4,55.1,52.0,67.0,69.7,77.8,84.7,65.9,63.5,49.7,57.4,58.5,53.1,67.4,74.3,55.5,70.9,50.8,56.2,67.0,72.0,58.2,71.6,74.7,59.7,57.0,74.7,84.7,72.4,75.1,89.0,70.5,62.8,89.4,80.9,77.8,78.6,82.4,77.0,72.8,75.1,76.3,77.4,67.8,79.3,63.9,68.9,72.0,84.7,80.1,78.2
ABC2a-O30385,51.6,53.9,42.7,43.5,41.6,60.1,44.3,46.2,62.0,38.9,33.1,52.4,50.8,45.1,32.0,47.8,50.1,42.7,60.5,38.9,48.5,42.4,47.8,37.7,48.9,94.7,76.3,43.1,95.5,102.0,42.7,116.0,111.0,101.0,280.0,52.8,103.0,57.8,86.7,84.3,71.2,95.9,95.9,67.8,63.2,67.8,84.3,57.4,80.5,70.1,44.7,57.8,57.4,59.3,55.5,74.3,45.4,48.1,51.6,47.8,57.0,63.5,65.5,62.0,51.6,73.6,53.1,52.0,46.2,57.4,50.8,40.0,48.5,60.5,54.7,77.0,55.8,67.0,49.7,65.1,63.5,61.2,68.9,58.5,66.6,67.4,63.2,57.0,70.9,57.4,57.0,55.5,70.5,50.1,54.3,68.2,69.3,58.5,62.0,68.2
ABC2a-P24586,48.5,31.2,37.4,0.0,26.2,35.8,37.7,30.0,36.2,32.3,25.4,42.7,32.7,31.6,25.4,25.4,33.9,36.2,33.9,40.4,32.0,34.7,34.3,26.6,25.0,55.5,61.2,137.0,55.8,52.0,90.5,66.6,64.7,54.3,52.8,264.0,62.4,95.1,65.9,53.1,96.7,56.6,61.6,105.0,109.0,105.0,59.3,100.0,52.8,99.0,26.2,28.5,35.8,25.8,24.6,43.1,25.4,40.4,32.0,23.9,31.2,43.1,39.7,29.6,27.7,33.1,33.1,34.7,25.4,42.4,30.4,22.7,26.6,36.2,35.8,44.7,46.6,35.4,42.7,38.9,49.7,41.2,40.0,42.0,35.0,45.8,42.7,37.7,35.0,40.0,42.0,41.6,36.6,44.3,38.9,40.8,40.4,42.7,40.8,50.4
ABC2a-P42332,68.2,56.6,55.5,44.3,52.4,56.2,60.5,51.2,62.4,52.4,39.7,63.2,49.3,54.7,37.0,55.5,51.6,44.3,57.8,52.0,50.4,60.5,53.1,38.1,48.1,89.0,78.2,55.5,122.0,112.0,52.0,100.0,99.4,112.0,103.0,62.4,277.0,68.2,102.0,94.7,84.0,107.0,135.0,76.6,70.9,76.6,94.4,77.8,63.9,65.5,35.4,47.4,46.2,52.4,51.6,50.8,45.4,52.0,52.4,42.0,47.4,50.1,46.2,53.5,45.4,59.7,45.4,43.9,42.4,44.7,55.5,44.7,50.4,0.0,41.2,77.0,83.2,61.6,60.8,61.6,65.1,62.4,72.8,73.6,66.6,63.5,62.0,67.4,73.9,58.2,81.6,63.9,60.8,72.4,57.0,72.4,68.9,58.5,79.7,62.4
ABC2a-P42954,55.8,44.3,43.1,36.2,39.7,33.1,44.7,0.0,53.5,41.2,38.5,53.1,32.3,45.8,32.7,39.3,40.4,32.3,48.9,37.7,50.4,39.3,45.8,26.2,41.2,68.2,64.3,106.0,57.4,55.1,155.0,81.3,63.5,67.0,57.8,95.1,68.2,263.0,75.5,72.0,129.0,66.2,70.9,127.0,125.0,127.0,73.9,117.0,63.2,133.0,19.6,30.4,30.8,20.0,28.1,43.9,31.2,32.3,45.4,25.0,29.6,27.3,31.2,26.6,35.4,39.3,40.0,36.2,30.0,41.2,32.3,33.1,29.3,35.4,32.0,47.4,58.2,35.8,45.8,32.3,44.7,49.7,53.9,47.4,42.0,54.3,47.0,47.0,53.9,44.3,38.9,52.0,38.5,50.8,55.5,56.2,40.8,47.0,50.8,38.5
ABC2a-P46903,71.6,60.1,67.4,45.4,59.3,61.2,64.7,53.9,73.6,47.8,55.5,63.2,52.8,57.0,43.9,53.9,60.1,48.5,68.6,56.2,68.9,46.2,58.5,58.2,50.8,92.8,90.5,69.3,116.0,110.0,65.1,112.0,110.0,114.0,86.7,65.9,102.0,75.5,290.0,87.8,82.4,115.0,97.8,82.4,77.8,82.4,114.0,69.7,72.8,73.2,45.4,51.6,54.7,60.1,58.5,66.6,51.2,56.2,51.6,37.7,61.2,62.0,55.8,55.5,50.1,53.1,47.4,53.1,57.8,51.6,66.2,56.2,62.4,62.0,58.9,78.6,83.2,71.2,73.6,77.4,78.6,73.6,86.3,94.4,95.5,65.9,66.6,76.3,65.1,77.8,73.9,72.4,68.6,76.6,87.8,77.4,85.1,79.7,74.7,81.3
ABC2a-P50332,62.4,67.8,42.7,51.2,57.4,63.2,60.5,56.2,58.9,55.1,50.8,62.0,47.8,58.5,46.2,52.8,44.3,57.0,55.5,59.7,59.3,58.5,58.2,49.3,50.4,75.9,76.3,50.1,103.0,97.1,53.5,83.2,90.5,108.0,84.3,53.1,94.7,72.0,87.8,282.0,70.1,112.0,85.9,62.4,51.2,62.4,95.5,62.8,83.6,59.7,35.0,50.1,46.6,53.1,50.1,72.4,54.7,46.2,53.5,42.7,66.6,42.0,51.6,55.5,52.8,50.1,53.1,52.0,48.9,67.4,45.1,46.6,52.4,55.8,48.9,69.7,63.2,77.8,72.8,68.2,73.9,58.5,64.7,60.8,59.7,69.7,60.8,64.7,78.2,70.9,75.5,73.2,62.8,58.9,66.6,71.2,73.6,65.9,62.0,63.5
ABC2a-P72884,48.1,37.7,35.4,34.3,44.7,36.2,45.4,30.4,44.3,37.4,34.7,50.1,30.4,49.3,31.2,38.1,47.4,39.7,43.5,38.9,43.5,38.9,46.6,30.4,33.1,72.8,71.6,96.7,71.2,75.9,99.0,70.9,74.3,72.0,71.2,96.7,84.0,129.0,82.4,70.1,259.0,70.5,71.2,170.0,155.0,170.0,72.8,127.0,73.9,150.0,23.9,31.6,25.4,25.8,29.3,37.7,32.3,30.0,33.5,33.1,38.5,38.9,30.0,28.9,28.1,32.7,23.9,24.6,27.3,40.4,37.4,27.3,33.1,33.1,46.6,53.5,53.9,43.5,42.0,40.0,52.0,42.0,52.4,64.3,54.7,51.6,42.7,40.8,34.7,58.5,39.7,45.1,39.7,54.3,54.7,58.2,48.9,59.7,50.1,53.1
ABC2a-P94440,58.2,53.5,72.8,52.0,70.1,51.2,53.5,58.9,68.2,43.1,51.2,68.2,54.7,53.1,38.5,49.7,55.1,54.3,65.1,65.1,67.0,43.9,60.5,53.1,49.3,92.8,80.9,60.5,120.0,108.0,51.6,107.0,103.0,218.0,95.9,56.6,107.0,66.2,115.0,112.0,70.5,287.0,99.8,77.0,72.4,77.0,117.0,72.4,80.5,60.5,57.4,53.5,68.6,72.8,79.7,81.3,62.0,60.5,51.2,57.0,61.6,53.5,66.2,75.1,56.2,70.9,57.0,53.5,77.4,67.0,52.0,69.7,68.2,63.9,61.2,72.8,85.1,77.8,68.6,82.0,81.3,70.1,83.2,80.9,76.3,70.1,73.6,73.9,82.8,79.7,87.4,78.6,68.2,85.9,63.2,73.2,71.2,80.1,83.6,81.3
ABC2a-Q18BL2,68.6,70.1,43.5,47.8,54.3,58.2,43.5,56.2,63.2,53.5,51.6,59.7,50.1,52.0,35.8,54.3,50.4,38.9,55.1,49.3,53.5,58.2,59.3,45.8,58.5,87.4,78.2,55.8,98.2,99.8,62.0,103.0,100.0,100.0,95.9,61.6,135.0,70.9,97.8,85.9,71.2,99.8,275.0,72.4,68.2,72.4,85.9,72.4,70.1,70.1,43.9,47.4,53.9,49.3,48.1,60.8,58.9,53.5,47.0,49.7,59.7,56.2,58.5,64.3,52.8,59.7,58.2,52.0,40.8,60.8,65.9,47.4,49.7,55.5,53.1,75.9,65.9,58.2,68.9,62.4,70.9,53.9,72.8,78.2,52.4,70.5,67.8,64.3,62.4,63.2,82.8,72.8,75.9,67.4,59.3,77.0,78.6,60.1,87.0,80.9
ABC2a-Q1D3I3,77.8,45.4,53.5,33.5,43.1,50.1,50.1,35.4,50.8,40.8,31.2,62.4,47.0,49.7,38.9,35.4,63.5,52.0,50.1,48.1,45.1,45.8,40.0,28.9,38.1,60.8,65.5,97.8,73.9,68.9,110.0,72.0,67.4,77.0,67.8,105.0,76.6,127.0,82.4,62.4,170.0,77.0,72.4,260.0,162.0,260.0,78.6,126.0,61.6,155.0,25.4,28.1,33.9,30.0,28.5,41.6,33.5,24.6,41.2,26.2,38.5,33.9,26.6,37.7,30.4,40.8,36.6,33.1,25.0,40.8,33.1,24.3,24.3,36.2,42.4,50.8,56.2,45.4,49.7,46.6,40.0,59.3,52.4,57.4,52.0,45.8,43.5,47.4,47.0,55.1,38.1,53.1,40.8,63.9,45.1,45.8,54.3,45.8,50.4,53.5
ABC2a-Q48476,41.2,34.7,26.9,29.6,28.9,33.9,34.7,36.2,32.3,34.3,28.9,30.8,25.8,34.7,26.9,30.0,30.4,34.3,29.3,32.0,37.4,32.0,39.3,28.5,36.6,69.3,57.0,99.0,68.2,58.5,119.0,77.8,72.8,70.1,63.2,109.0,70.9,125.0,77.8,51.2,155.0,72.4,68.2,162.0,256.0,162.0,62.0,126.0,64.3,148.0,28.1,31.2,26.6,34.3,32.7,43.1,25.8,21.2,32.7,24.6,31.6,28.1,30.4,33.9,27.7,35.4,29.3,22.7,26.9,30.8,36.6,27.3,31.2,28.1,37.4,49.7,53.9,34.3,33.5,40.8,41.6,38.1,49.3,57.0,38.5,36.6,47.0,39.7,31.6,38.5,34.7,34.3,35.8,44.3,50.1,42.4,28.5,41.2,52.8,43.1
ABC2a-Q50863,77.8,45.4,53.5,33.5,43.1,50.1,50.1,35.4,50.8,40.8,31.2,62.4,47.0,49.7,38.9,35.4,63.5,52.0,50.1,48.1,45.1,45.8,40.0,28.9,38.1,60.8,65.5,97.8,73.9,68.9,110.0,72.0,67.4,77.0,67.8,105.0,76.6,127.0,82.4,62.4,170.0,77.0,72.4,260.0,162.0,260.0,78.6,126.0,61.6,155.0,25.4,28.1,33.9,30.0,28.5,41.6,33.5,24.6,41.2,26.2,38.5,33.9,26.6,37.7,30.4,40.8,36.6,33.1,25.0,40.8,33.1,24.3,24.3,36.2,42.4,50.8,56.2,45.4,49.7,46.6,40.0,59.3,52.4,57.4,52.0,45.8,43.5,47.4,47.0,55.1,38.1,53.1,40.8,63.9,45.1,45.8,54.3,45.8,50.4,53.5
ABC2a-Q53716,57.0,47.4,55.5,28.5,45.8,49.3,43.5,45.8,54.7,36.2,44.3,52.0,37.4,47.8,35.8,39.7,50.4,40.8,52.0,48.1,42.0,41.6,45.8,26.9,33.9,78.2,90.1,54.7,87.0,79.0,67.0,75.5,96.7,105.0,84.3,59.3,94.4,73.9,114.0,95.5,72.8,117.0,85.9,78.6,62.0,78.6,280.0,74.7,75.5,68.9,58.2,52.4,49.7,55.8,58.5,58.5,48.9,68.2,45.8,55.1,60.8,48.1,58.9,47.4,50.8,53.5,47.4,50.8,54.7,48.1,50.4,60.8,56.6,50.4,53.9,71.2,67.4,60.5,60.5,56.2,75.9,58.9,72.0,65.9,72.0,65.5,53.5,67.8,69.3,60.5,74.7,78.6,57.0,68.2,64.7,79.7,61.6,59.7,65.1,72.8
ABC2a-Q6E7E8,57.8,43.1,45.4,35.4,33.1,38.1,40.8,35.8,45.4,40.8,25.4,41.6,32.3,36.2,37.7,39.3,37.7,39.7,34.7,43.1,39.3,42.0,37.7,30.4,37.7,66.2,70.9,97.4,65.1,65.1,103.0,62.0,72.4,83.6,57.4,100.0,77.8,117.0,69.7,62.8,127.0,72.4,72.4,126.0,126.0,126.0,74.7,264.0,65.9,125.0,25.0,32.0,34.3,35.4,33.5,49.3,30.4,30.4,53.1,34.3,31.6,30.0,40.8,39.3,29.6,37.7,35.4,33.5,30.8,42.4,36.6,32.0,34.3,28.1,31.2,41.2,42.7,38.1,45.4,32.7,51.6,38.9,45.1,47.4,37.4,42.0,42.7,45.1,33.5,43.9,39.3,40.0,31.6,45.8,46.6,63.2,43.1,40.4,55.5,48.1
ABC2a-Q8IUA7,62.0,61.2,56.6,46.6,43.9,66.6,55.8,56.2,51.6,49.7,58.9,47.8,46.2,54.7,37.7,48.1,50.4,48.1,52.8,46.6,53.5,47.0,51.6,43.9,48.1,84.0,70.5,42.7,69.7,76.6,49.3,85.9,57.8,72.8,80.5,52.8,63.9,63.2,72.8,83.6,73.9,80.5,70.1,61.6,64.3,61.6,75.5,65.9,295.0,58.5,58.5,62.8,75.5,63.2,62.8,90.9,58.2,66.2,70.5,63.9,67.8,71.2,80.9,64.7,61.2,71.2,62.0,61.2,71.2,69.7,72.8,72.8,73.6,79.0,77.0,64.7,73.9,64.7,68.9,75.9,74.3,77.4,75.1,82.0,82.4,75.9,68.6,80.5,60.8,71.2,63.5,65.5,60.5,75.1,87.4,78.6,70.9,79.0,66.6,70.1
ABC2a-Q9I3V8,45.1,42.0,34.3,30.4,32.0,43.5,33.9,28.1,43.9,39.7,35.8,43.9,33.9,31.2,42.7,44.3,33.9,38.9,38.9,33.1,36.6,41.6,37.7,28.5,42.7,61.2,64.7,86.7,61.6,54.7,117.0,74.3,74.3,62.4,70.1,99.0,65.5,133.0,73.2,59.7,150.0,60.5,70.1,155.0,148.0,155.0,68.9,125.0,58.5,262.0,25.8,32.0,37.4,26.6,33.9,63.5,35.0,34.7,52.8,32.7,33.5,32.3,29.3,35.0,30.0,39.7,40.4,33.5,30.4,38.1,33.5,34.3,32.7,39.3,26.6,46.2,49.7,41.2,48.5,46.2,45.8,45.1,45.8,45.8,44.3,44.3,42.0,41.6,36.6,41.6,32.7,38.1,31.6,47.8,45.4,55.5,39.7,38.1,44.7,45.1
ABC2b-A4HWI7,46.2,52.0,36.2,30.0,33.1,53.5,41.2,38.5,43.5,30.0,45.8,44.7,30.4,35.4,28.1,41.2,37.0,25.0,37.4,39.7,47.8,28.5,38.1,39.7,28.9,42.4,42.7,25.0,40.4,35.4,23.9,53.9,49.3,55.1,44.7,26.2,35.4,19.6,45.4,35.0,23.9,57.4,43.9,25.4,28.1,25.4,58.2,25.0,58.5,25.8,304.0,94.0,109.0,96.7,97.4,98.6,101.0,97.4,104.0,88.2,93.2,109.0,105.0,104.0,95.9,101.0,102.0,109.0,94.4,90.1,82.4,95.9,99.8,97.1,71.2,39.7,48.1,51.2,39.3,42.0,42.4,37.0,44.7,48.9,52.4,45.4,49.3,43.5,42.0,42.4,43.1,55.8,52.4,51.6,49.7,48.5,38.1,40.0,29.3,43.1
ABC2b-A8WEV1,49.3,42.0,37.0,42.0,43.9,45.4,38.9,49.3,45.4,40.0,43.1,50.1,35.4,37.4,29.6,39.3,32.3,24.3,54.3,45.4,48.9,42.0,43.5,32.3,35.8,52.4,39.7,30.8,44.7,44.3,23.9,52.0,48.1,52.0,57.8,28.5,47.4,30.4,51.6,50.1,31.6,53.5,47.4,28.1,31.2,28.1,52.4,32.0,62.8,32.0,94.0,309.0,108.0,119.0,132.0,122.0,103.0,138.0,108.0,123.0,102.0,108.0,114.0,116.0,103.0,124.0,108.0,115.0,124.0,105.0,105.0,125.0,116.0,135.0,99.4,50.8,46.2,57.4,62.8,55.1,59.3,38.1,47.4,55.5,67.4,63.5,43.9,40.4,54.3,47.4,60.5,45.4,58.5,57.4,63.5,68.2,53.9,70.1,47.8,72.4
ABC2b-A9SCA8,53.1,54.7,53.9,32.7,49.3,54.3,64.7,44.3,58.9,39.7,60.8,74.3,41.2,50.1,30.4,50.8,39.3,42.4,58.5,52.8,60.1,36.2,62.8,41.6,31.6,51.6,56.6,30.0,45.1,45.1,28.9,43.5,59.7,67.0,57.4,35.8,46.2,30.8,54.7,46.6,25.4,68.6,53.9,33.9,26.6,33.9,49.7,34.3,75.5,37.4,109.0,108.0,307.0,117.0,119.0,117.0,119.0,121.0,129.0,117.0,101.0,113.0,116.0,174.0,129.0,183.0,132.0,132.0,127.0,114.0,92.4,119.0,125.0,127.0,98.6,58.9,47.0,62.8,64.7,60.5,63.9,52.8,66.6,55.5,80.5,66.2,65.1,66.6,65.5,52.4,59.7,58.5,59.3,59.3,59.3,67.0,65.5,66.2,50.8,74.3
ABC2b-A9YWR6,53.5,55.5,53.5,41.6,42.7,48.5,47.4,56.2,54.3,39.3,45.1,55.1,38.1,44.3,23.9,29.3,42.7,26.2,51.2,50.1,52.4,36.6,50.1,33.9,30.8,43.5,42.7,28.5,72.0,65.5,26.6,56.2,62.8,69.7,59.3,25.8,52.4,20.0,60.1,53.1,25.8,72.8,49.3,30.0,34.3,30.0,55.8,35.4,63.2,26.6,96.7,119.0,117.0,303.0,207.0,137.0,113.0,107.0,97.8,116.0,107.0,103.0,128.0,127.0,131.0,125.0,108.0,117.0,191.0,115.0,97.8,182.0,191.0,113.0,95.9,45.4,52.0,58.2,55.8,54.7,52.8,52.8,65.1,72.0,73.2,62.0,60.5,54.7,60.1,58.9,60.8,53.5,60.8,53.1,53.1,64.3,50.8,70.1,57.4,62.0
ABC2b-D3GE74,54.3,62.8,51.6,50.4,64.3,58.5,47.4,51.6,52.0,44.7,48.1,53.1,44.7,41.6,29.6,35.8,37.0,38.1,55.1,54.7,60.1,39.7,58.9,43.1,42.7,47.8,45.8,33.9,63.5,55.1,29.3,56.2,55.8,77.8,55.5,24.6,51.6,28.1,58.5,50.1,29.3,79.7,48.1,28.5,32.7,28.5,58.5,33.5,62.8,33.9,97.4,132.0,119.0,207.0,308.0,146.0,143.0,132.0,116.0,133.0,121.0,107.0,129.0,139.0,141.0,145.0,127.0,132.0,201.0,127.0,99.0,198.0,202.0,126.0,99.8,49.7,49.3,64.3,62.8,62.0,65.1,49.7,65.9,79.3,75.5,60.1,63.5,60.5,66.6,63.2,59.7,60.1,66.6,62.4,63.9,66.2,54.7,72.4,58.9,66.2
ABC2b-G7LE38,56.6,68.9,52.0,48.1,52.4,72.4,64.3,55.5,70.1,57.0,61.6,63.9,42.0,52.0,32.7,54.3,37.4,54.7,66.6,43.1,57.8,50.1,53.9,48.1,41.6,59.3,64.3,33.5,77.8,69.7,39.3,80.1,76.6,84.7,74.3,43.1,50.8,43.9,66.6,72.4,37.7,81.3,60.8,41.6,43.1,41.6,58.5,49.3,90.9,63.5,98.6,122.0,117.0,137.0,146.0,298.0,109.0,121.0,107.0,114.0,124.0,97.8,138.0,119.0,112.0,119.0,113.0,113.0,149.0,130.0,108.0,152.0,149.0,129.0,83.2,70.5,67.0,65.1,79.3,73.6,75.1,64.7,62.0,75.1,72.8,62.0,63.5,60.1,74.7,72.0,61.2,56.2,53.1,69.7,70.9,68.2,63.5,80.5,66.2,70.1
ABC2b-H9BZ66,55.5,52.4,38.5,41.6,53.9,61.6,44.7,43.1,54.7,28.5,50.1,52.4,41.6,48.9,28.5,37.0,38.9,40.8,49.7,50.4,55.8,39.7,53.1,45.1,37.4,43.9,56.6,26.9,43.5,46.6,27.7,47.8,46.2,65.9,45.4,25.4,45.4,31.2,51.2,54.7,32.3,62.0,58.9,33.5,25.8,33.5,48.9,30.4,58.2,35.0,101.0,103.0,119.0,113.0,143.0,109.0,298.0,114.0,96.3,105.0,106.0,98.6,111.0,125.0,191.0,126.0,175.0,177.0,132.0,107.0,106.0,122.0,128.0,117.0,78.6,53.5,54.3,58.9,71.2,78.2,61.2,47.4,68.2,60.8,64.3,68.6,59.7,53.5,56.6,61.6,49.7,59.3,63.9,72.0,69.7,68.2,60.8,73.2,58.9,61.6
ABC2b-I0DHI9,42.0,44.3,33.1,26.9,39.7,45.4,45.1,32.3,42.4,32.0,42.0,52.4,29.6,44.7,22.7,21.2,28.1,32.7,45.8,43.5,40.8,27.3,38.9,26.9,25.4,44.3,47.0,22.3,45.8,50.4,20.4,43.9,52.0,63.5,48.1,40.4,52.0,32.3,56.2,46.2,30.0,60.5,53.5,24.6,21.2,24.6,68.2,30.4,66.2,34.7,97.4,138.0,121.0,107.0,132.0,121.0,114.0,275.0,106.0,114.0,103.0,104.0,132.0,122.0,123.0,126.0,131.0,126.0,119.0,125.0,99.0,121.0,123.0,220.0,90.1,52.8,41.6,53.5,56.2,52.0,64.7,46.2,56.6,60.5,70.9,69.7,50.1,44.7,54.7,48.9,47.8,46.6,46.2,59.7,58.2,75.1,48.9,71.6,57.4,67.4
ABC2b-P10090,58.2,55.5,47.4,39.7,52.0,47.8,53.5,48.1,48.1,38.9,53.9,58.5,32.3,45.8,29.6,37.7,33.1,42.0,47.8,55.1,44.3,31.2,42.0,26.6,35.4,55.5,56.6,27.7,35.8,38.1,35.0,63.2,45.4,49.7,51.6,32.0,52.4,45.4,51.6,53.5,33.5,51.2,47.0,41.2,32.7,41.2,45.8,53.1,70.5,52.8,104.0,108.0,129.0,97.8,116.0,107.0,96.3,106.0,318.0,109.0,96.3,154.0,128.0,127.0,114.0,125.0,109.0,108.0,125.0,106.0,82.8,120.0,120.0,109.0,115.0,49.3,45.1,44.7,58.9,54.3,51.2,49.7,49.7,45.8,58.9,56.6,60.8,50.4,62.0,50.8,48.1,54.7,53.1,46.2,63.5,60.1,48.5,55.8,44.3,65.1
ABC2b-P25371,53.9,57.0,47.8,47.8,51.6,55.5,57.8,40.8,49.3,42.7,58.2,53.9,39.7,48.9,27.3,36.6,36.6,39.7,53.5,61.2,55.5,36.6,57.4,38.5,46.2,47.8,45.8,25.8,45.4,45.8,21.6,49.3,45.4,62.0,51.2,23.9,44.3,26.9,43.5,45.4,33.9,63.5,51.6,28.1,25.0,28.1,57.8,34.7,71.6,33.1,96.3,131.0,126.0,120.0,134.0,116.0,110.0,119.0,115.0,301.0,111.0,102.0,125.0,128.0,122.0,125.0,118.0,119.0,135.0,119.0,110.0,137.0,131.0,114.0,85.1,65.9,57.0,55.8,70.1,62.8,68.2,52.4,64.7,67.8,80.9,73.9,56.6,66.2,58.5,75.9,63.9,63.9,60.1,70.1,75.1,73.9,54.3,79.7,65.9,80.5
ABC2b-P45844,55.1,56.2,46.2,35.4,51.6,56.2,57.0,51.2,51.2,34.7,56.6,65.9,43.9,60.5,32.3,33.1,37.4,44.7,55.1,51.2,46.2,38.5,58.2,37.0,42.0,37.4,44.3,32.7,61.6,65.1,29.6,61.6,45.4,58.5,57.0,31.2,47.4,29.6,61.2,66.6,38.5,61.6,59.7,38.5,31.6,38.5,60.8,31.6,67.8,33.5,93.2,102.0,101.0,107.0,121.0,124.0,106.0,103.0,96.3,109.0,295.0,102.0,112.0,105.0,99.8,107.0,107.0,107.0,111.0,101.0,87.4,111.0,112.0,105.0,112.0,73.2,60.8,75.5,81.3,80.5,80.5,73.9,70.5,80.5,84.0,73.9,67.8,79.3,93.2,77.0,64.3,76.3,67.4,83.2,79.3,72.0,74.7,98.2,69.7,82.4
ABC2b-Q11180,57.0,52.0,48.9,40.8,42.4,53.1,40.8,42.7,42.4,34.3,45.1,62.0,32.7,44.3,32.7,44.3,0.0,30.0,45.1,56.2,45.4,34.7,49.7,30.8,47.0,58.2,53.5,36.2,48.5,45.1,28.9,69.3,53.9,53.1,63.5,43.1,50.1,27.3,62.0,42.0,38.9,53.5,56.2,33.9,28.1,33.9,48.1,30.0,71.2,32.3,109.0,108.0,113.0,103.0,107.0,97.8,98.6,104.0,154.0,95.1,102.0,324.0,120.0,106.0,127.0,97.1,117.0,116.0,107.0,112.0,94.7,105.0,106.0,106.0,125.0,50.1,65.1,66.2,65.1,55.8,61.2,58.2,73.6,57.8,73.2,53.5,64.3,57.0,56.2,53.1,68.9,49.7,55.5,53.1,62.4,65.5,60.5,63.9,53.1,62.4
ABC2b-Q55DW4,53.5,49.3,52.0,36.6,43.1,63.5,57.8,47.8,52.8,40.0,49.7,58.9,38.1,47.8,27.3,32.7,41.6,31.6,52.4,42.4,52.4,30.0,47.4,35.0,35.0,55.1,47.8,25.8,58.9,57.8,22.7,65.5,62.4,67.4,65.5,39.7,46.2,31.2,55.8,51.6,30.0,66.2,58.5,26.6,30.4,26.6,58.9,40.8,80.9,29.3,105.0,114.0,116.0,128.0,129.0,138.0,111.0,132.0,128.0,120.0,112.0,120.0,312.0,132.0,138.0,128.0,128.0,139.0,129.0,137.0,118.0,138.0,132.0,124.0,105.0,53.9,53.9,57.0,67.8,63.5,73.6,57.4,63.5,69.7,73.6,68.2,62.8,60.8,55.1,67.4,56.6,62.8,61.6,57.8,64.3,72.0,54.3,67.0,63.2,62.8
ABC2b-Q84TH5,54.3,56.6,45.8,38.1,50.1,64.7,55.8,46.6,62.0,37.4,62.8,69.3,45.1,53.9,32.3,38.1,42.0,39.3,64.7,51.6,52.0,37.4,53.1,38.9,34.3,50.8,63.9,26.6,59.7,51.6,32.0,55.8,63.2,74.3,62.0,29.6,53.5,26.6,55.5,55.5,28.9,75.1,64.3,37.7,33.9,37.7,47.4,39.3,64.7,35.0,104.0,116.0,174.0,127.0,139.0,119.0,125.0,122.0,127.0,123.0,105.0,106.0,132.0,297.0,141.0,193.0,143.0,135.0,142.0,138.0,104.0,133.0,144.0,125.0,100.0,72.4,62.8,65.5,68.9,63.2,61.6,48.5,58.5,70.9,71.6,63.9,62.8,57.0,64.3,68.9,58.2,66.6,63.2,71.2,69.7,69.3,66.2,71.2,65.9,72.4
ABC2b-Q8RXN0,52.4,64.7,39.7,0.0,53.5,56.2,50.1,40.8,52.4,33.9,53.5,55.5,39.3,50.1,23.9,33.9,33.9,32.7,51.6,57.8,58.5,37.4,61.2,34.3,35.8,51.6,56.6,21.2,46.2,38.1,28.9,53.5,50.1,55.5,51.6,27.7,45.4,35.4,50.1,52.8,28.1,56.2,52.8,30.4,27.7,30.4,50.8,29.6,61.2,30.0,95.9,103.0,129.0,131.0,141.0,112.0,191.0,123.0,114.0,112.0,99.8,127.0,138.0,141.0,300.0,132.0,206.0,209.0,140.0,117.0,109.0,132.0,134.0,130.0,88.6,55.1,45.4,53.1,60.1,65.1,58.5,40.0,53.5,52.8,69.7,66.2,51.6,45.8,49.3,53.9,52.4,48.5,54.3,58.2,63.9,70.1,44.7,73.9,51.2,51.2
ABC2b-Q9C6W5,51.2,47.0,46.2,35.0,55.5,48.1,59.7,40.4,54.7,35.4,54.3,63.2,30.8,56.6,28.5,30.4,38.1,31.2,57.0,63.2,60.8,34.3,54.7,33.1,32.3,53.9,50.4,23.9,59.3,59.3,37.7,56.6,55.5,70.9,73.6,33.1,59.7,39.3,53.1,50.1,32.7,70.9,59.7,40.8,35.4,40.8,53.5,37.7,71.2,39.7,101.0,124.0,183.0,125.0,145.0,119.0,126.0,126.0,125.0,120.0,107.0,97.1,128.0,193.0,132.0,305.0,137.0,127.0,142.0,123.0,102.0,130.0,134.0,134.0,103.0,59.7,54.3,61.6,68.9,64.7,65.1,52.8,70.1,70.5,72.0,67.0,55.5,58.5,73.6,60.5,60.8,68.2,61.2,68.2,78.2,62.8,62.8,70.9,51.2,65.1
ABC2b-Q9C8J8,45.4,50.8,42.4,0.0,48.9,48.9,41.2,46.6,45.4,28.5,48.5,57.4,32.7,55.1,25.8,32.3,34.7,29.3,52.0,50.8,51.6,37.0,49.7,30.4,33.5,56.6,53.9,22.7,42.7,40.0,34.7,46.6,46.6,50.8,53.1,33.1,45.4,40.0,47.4,53.1,23.9,57.0,58.2,36.6,29.3,36.6,47.4,35.4,62.0,40.4,102.0,108.0,132.0,108.0,127.0,113.0,175.0,131.0,109.0,108.0,107.0,117.0,128.0,143.0,206.0,137.0,300.0,236.0,128.0,120.0,114.0,114.0,122.0,134.0,85.5,48.9,39.7,59.3,55.8,64.7,54.7,43.9,52.8,53.9,68.9,63.2,51.2,52.0,57.0,46.6,48.5,50.8,52.8,57.4,58.2,73.9,45.8,74.3,49.7,55.5
ABC2b-Q9C8K2,46.6,50.1,53.9,29.3,50.8,52.0,43.1,40.0,48.1,24.6,55.5,55.8,31.2,43.1,27.7,32.7,35.0,29.6,53.9,60.5,51.2,28.5,56.6,38.5,26.9,58.9,63.5,24.6,42.7,41.6,32.3,51.6,48.9,56.2,52.0,34.7,43.9,36.2,53.1,52.0,24.6,53.5,52.0,33.1,22.7,33.1,50.8,33.5,61.2,33.5,109.0,115.0,132.0,117.0,132.0,113.0,177.0,126.0,108.0,107.0,107.0,116.0,139.0,135.0,209.0,127.0,236.0,303.0,135.0,118.0,118.0,127.0,135.0,129.0,91.3,50.8,45.4,60.8,64.3,67.8,62.8,45.4,55.1,57.4,72.4,66.2,55.5,45.8,57.0,51.6,51.2,50.4,56.2,60.8,58.9,62.8,48.5,77.0,58.9,61.6
ABC2b-Q9FNB5,53.5,53.9,49.3,55.1,60.8,44.7,54.7,39.3,50.4,45.8,45.4,57.0,33.5,48.9,30.0,26.9,35.8,25.4,59.3,50.1,45.8,31.2,61.2,29.3,36.6,53.1,46.6,26.2,48.1,46.2,29.6,53.9,41.2,67.0,46.2,25.4,42.4,30.0,57.8,48.9,27.3,77.4,40.8,25.0,26.9,25.0,54.7,30.8,71.2,30.4,94.4,124.0,127.0,191.0,201.0,149.0,132.0,119.0,125.0,130.0,111.0,107.0,129.0,142.0,140.0,142.0,128.0,135.0,303.0,132.0,107.0,274.0,257.0,119.0,100.0,47.0,45.8,52.0,53.5,51.2,47.8,50.8,55.8,63.5,72.8,53.5,54.3,59.3,57.8,50.1,57.0,52.4,55.1,55.8,53.9,58.5,49.7,77.4,57.8,55.8
ABC2b-Q9H221,58.5,52.4,59.3,43.5,55.1,54.7,59.3,44.7,49.7,36.2,57.0,60.8,37.7,57.4,29.3,36.6,37.0,39.3,50.1,50.8,60.8,40.4,53.5,46.6,32.3,49.3,59.3,30.8,52.8,49.3,29.3,67.8,56.6,72.0,57.4,42.4,44.7,41.2,51.6,67.4,40.4,67.0,60.8,40.8,30.8,40.8,48.1,42.4,69.7,38.1,90.1,105.0,114.0,115.0,127.0,130.0,107.0,125.0,106.0,113.0,101.0,112.0,137.0,138.0,117.0,123.0,120.0,118.0,132.0,308.0,121.0,132.0,130.0,117.0,98.2,48.5,55.5,57.0,61.6,51.2,59.3,53.9,51.2,66.6,66.6,58.5,57.8,57.8,60.5,63.5,48.9,62.0,54.3,48.5,63.9,58.9,53.1,67.0,52.8,62.0
ABC2b-Q9H222,53.1,44.3,51.6,38.5,48.5,49.7,52.8,34.7,54.3,32.0,50.4,53.9,35.8,47.0,32.7,33.5,45.1,32.3,47.4,52.8,44.7,24.3,47.0,32.3,41.2,62.4,63.9,32.0,52.4,51.6,32.3,72.8,56.2,58.2,50.8,30.4,55.5,32.3,66.2,45.1,37.4,52.0,65.9,33.1,36.6,33.1,50.4,36.6,72.8,33.5,82.4,105.0,92.4,97.8,99.0,108.0,106.0,99.0,82.8,99.8,87.4,94.7,118.0,104.0,109.0,102.0,114.0,118.0,107.0,121.0,306.0,116.0,107.0,95.1,81.6,56.2,54.3,52.8,65.1,57.4,55.1,54.3,51.2,80.9,72.4,58.2,63.5,59.7,58.5,64.7,54.3,57.0,59.7,50.4,66.2,58.2,63.5,66.2,65.5,54.7
ABC2b-Q9M2V7,57.8,52.8,47.8,51.6,60.1,45.1,54.7,37.0,51.2,41.2,45.8,60.5,29.6,45.1,28.5,28.9,34.7,28.1,59.7,48.5,43.9,30.0,62.0,24.6,36.2,49.3,47.8,27.7,47.0,46.6,30.4,55.1,43.9,71.6,40.0,22.7,44.7,33.1,56.2,46.6,27.3,69.7,47.4,24.3,27.3,24.3,60.8,32.0,72.8,34.3,95.9,125.0,119.0,182.0,198.0,152.0,122.0,121.0,120.0,132.0,111.0,105.0,138.0,133.0,132.0,130.0,114.0,127.0,274.0,132.0,116.0,302.0,261.0,117.0,100.0,47.4,49.3,47.4,53.5,53.1,44.3,49.3,53.9,64.3,73.2,51.6,53.1,60.1,56.6,47.8,63.5,53.9,52.4,53.5,55.1,60.5,46.6,72.8,61.6,57.0
ABC2b-Q9M3D6,56.2,55.1,47.0,52.0,60.5,44.7,57.8,45.4,52.8,43.1,49.7,62.8,34.7,53.5,27.7,35.8,33.1,27.7,63.5,48.5,48.9,34.7,60.1,33.5,33.9,53.1,51.6,31.2,53.9,57.4,35.4,57.8,47.8,74.7,48.5,26.6,50.4,29.3,62.4,52.4,33.1,68.2,49.7,24.3,31.2,24.3,56.6,34.3,73.6,32.7,99.8,116.0,125.0,191.0,202.0,149.0,128.0,123.0,120.0,127.0,112.0,106.0,132.0,144.0,134.0,134.0,122.0,135.0,257.0,130.0,107.0,261.0,301.0,122.0,99.0,45.8,52.8,53.1,55.1,47.8,41.6,45.1,53.5,65.5,72.8,57.4,58.2,51.2,60.1,47.8,58.2,55.1,55.8,52.4,61.2,59.3,44.3,73.2,61.2,59.7
ABC2b-Q9UNQ0,39.3,35.4,32.7,27.3,31.6,42.0,36.6,35.4,37.0,28.9,41.6,53.5,28.1,43.5,24.3,23.9,33.5,32.0,50.1,45.8,44.7,25.0,35.8,26.9,21.9,50.4,43.1,23.5,47.0,49.7,23.9,45.4,53.1,59.7,60.5,36.2,0.0,35.4,62.0,55.8,33.1,63.9,55.5,36.2,28.1,36.2,50.4,28.1,79.0,39.3,97.1,135.0,127.0,113.0,126.0,129.0,117.0,220.0,109.0,109.0,105.0,106.0,124.0,125.0,130.0,134.0,134.0,129.0,119.0,117.0,95.1,117.0,122.0,285.0,92.0,53.1,43.1,60.5,66.6,55.5,62.0,48.1,51.2,63.2,80.5,64.3,46.2,46.2,63.2,53.9,42.7,53.1,49.3,56.6,62.8,74.3,52.0,69.7,53.5,69.3
ABC2b-S6BKX3,43.5,51.2,49.7,41.2,55.5,52.8,50.8,46.2,39.3,35.0,50.4,50.8,41.2,55.1,37.4,42.0,41.6,30.4,45.1,55.1,48.1,33.1,55.5,41.2,38.5,55.1,54.3,29.6,50.8,51.2,39.3,59.3,56.6,57.0,54.7,35.8,41.2,32.0,58.9,48.9,46.6,61.2,53.1,42.4,37.4,42.4,53.9,31.2,77.0,26.6,71.2,99.4,98.6,95.9,99.8,83.2,78.6,90.1,115.0,82.8,112.0,125.0,105.0,100.0,88.6,103.0,85.5,91.3,100.0,98.2,81.6,100.0,99.0,92.0,291.0,51.6,53.5,58.5,67.4,55.8,64.7,66.2,60.1,60.8,70.1,65.9,54.7,68.2,60.8,59.7,60.8,64.7,67.0,51.2,68.2,58.2,58.9,65.1,54.7,78.2
ABC3-A3MWP1,60.5,60.1,58.9,43.1,54.3,66.6,63.2,56.2,62.0,51.2,69.7,67.8,43.5,60.5,33.1,48.9,55.8,59.3,61.6,51.2,61.6,47.8,55.1,46.6,47.8,67.4,56.6,37.7,89.4,72.8,47.8,65.5,82.0,74.7,77.0,44.7,77.0,47.4,78.6,69.7,53.5,72.8,75.9,50.8,49.7,50.8,71.2,41.2,64.7,46.2,39.7,50.8,58.9,45.4,49.7,70.5,53.5,52.8,49.3,63.9,73.2,50.1,53.9,72.4,55.1,59.7,48.9,50.8,47.0,48.5,56.2,47.4,45.8,53.1,51.6,292.0,133.0,106.0,132.0,116.0,126.0,110.0,132.0,137.0,122.0,125.0,125.0,137.0,131.0,139.0,122.0,130.0,122.0,132.0,123.0,122.0,129.0,120.0,135.0,122.0
ABC3-A8TDW7,75.1,70.1,77.4,51.2,65.5,76.3,79.0,60.8,67.4,62.0,70.9,60.1,55.8,55.5,37.4,61.6,65.9,53.9,65.1,59.3,52.4,55.5,59.7,50.4,49.3,55.5,52.8,48.9,90.9,74.3,56.6,65.9,65.1,84.7,55.8,46.6,83.2,58.2,83.2,63.2,53.9,85.1,65.9,56.2,53.9,56.2,67.4,42.7,73.9,49.7,48.1,46.2,47.0,52.0,49.3,67.0,54.3,41.6,45.1,48.1,60.8,65.1,53.9,62.8,45.4,54.3,39.7,45.4,45.8,55.5,54.3,49.3,52.8,43.1,53.5,133.0,300.0,135.0,147.0,137.0,148.0,151.0,159.0,145.0,132.0,135.0,129.0,146.0,146.0,167.0,150.0,160.0,139.0,148.0,131.0,125.0,141.0,132.0,152.0,124.0
ABC3-B2J284,66.6,59.7,62.0,50.1,54.7,72.4,65.9,57.8,65.5,57.0,62.4,67.4,49.3,58.5,37.0,58.9,60.5,55.8,70.9,63.9,66.6,53.1,65.1,47.4,49.7,56.2,54.7,37.7,68.9,69.3,41.2,62.4,61.2,72.4,67.0,35.4,61.6,35.8,71.2,77.8,43.5,77.8,58.2,45.4,34.3,45.4,60.5,38.1,64.7,41.2,51.2,57.4,62.8,58.2,64.3,65.1,58.9,53.5,44.7,53.1,75.5,66.2,57.0,65.5,53.1,61.6,59.3,60.8,52.0,57.0,52.8,47.4,53.1,60.5,58.5,106.0,135.0,289.0,108.0,130.0,128.0,93.6,114.0,118.0,113.0,115.0,122.0,102.0,102.0,119.0,115.0,112.0,112.0,123.0,108.0,111.0,131.0,109.0,113.0,125.0
ABC3-B8GHI2,77.8,59.3,63.5,40.4,64.3,74.7,70.9,51.6,70.5,48.1,68.6,68.6,47.0,58.2,35.0,53.9,52.8,62.0,71.2,70.1,68.2,43.1,60.5,41.2,48.1,52.0,51.6,37.4,79.7,77.8,49.3,59.7,53.9,75.1,49.7,42.7,60.8,45.8,73.6,72.8,42.0,68.6,68.9,49.7,33.5,49.7,60.5,45.4,68.9,48.5,39.3,62.8,64.7,55.8,62.8,79.3,71.2,56.2,58.9,65.5,81.3,65.1,67.8,68.9,60.1,68.9,55.8,64.3,53.5,61.6,65.1,53.5,55.1,66.6,67.4,132.0,147.0,108.0,304.0,146.0,148.0,136.0,149.0,136.0,125.0,137.0,125.0,141.0,114.0,180.0,142.0,148.0,131.0,142.0,137.0,129.0,147.0,130.0,130.0,128.0
ABC3-D6ZUW6,65.1,67.0,56.6,45.1,63.2,82.4,51.6,49.7,67.0,57.8,69.3,59.7,50.1,55.8,28.9,55.1,51.6,73.9,70.9,53.5,60.1,55.8,58.2,47.0,54.7,60.1,61.2,36.2,75.1,68.6,33.1,83.2,68.2,89.0,65.1,38.9,61.6,32.3,77.4,68.2,40.0,82.0,62.4,46.6,40.8,46.6,56.2,32.7,75.9,46.2,42.0,55.1,60.5,54.7,62.0,73.6,78.2,52.0,54.3,53.9,80.5,55.8,63.5,63.2,65.1,64.7,64.7,67.8,51.2,51.2,57.4,53.1,47.8,55.5,55.8,116.0,137.0,130.0,146.0,294.0,143.0,123.0,148.0,127.0,123.0,139.0,129.0,120.0,117.0,134.0,128.0,142.0,137.0,145.0,127.0,128.0,133.0,130.0,131.0,120.0
ABC3-E6N374,66.2,66.6,64.7,57.8,57.8,74.7,68.6,64.3,75.1,56.2,67.4,64.7,47.8,66.6,43.9,55.5,53.1,62.8,68.9,73.6,73.2,57.8,73.6,54.3,55.8,71.2,60.8,47.4,87.4,87.0,52.0,63.9,75.1,70.5,63.5,49.7,65.1,44.7,78.6,73.9,52.0,81.3,70.9,40.0,41.6,40.0,75.9,51.6,74.3,45.8,42.4,59.3,63.9,52.8,65.1,75.1,61.2,64.7,51.2,64.3,80.5,61.2,73.6,61.6,58.5,65.1,54.7,62.8,47.8,59.3,55.1,44.3,41.6,62.0,64.7,126.0,148.0,128.0,148.0,143.0,298.0,149.0,159.0,156.0,130.0,148.0,123.0,145.0,139.0,164.0,147.0,158.0,152.0,149.0,139.0,129.0,164.0,128.0,157.0,138.0
ABC3-N9J6M5,68.6,53.9,55.5,36.6,58.2,63.5,62.4,45.4,61.6,43.5,62.0,56.6,48.5,67.0,30.0,38.1,52.0,53.5,60.5,60.8,65.9,45.4,55.1,40.8,47.0,47.8,51.6,34.3,80.9,63.5,42.7,56.2,45.1,62.8,61.2,41.2,62.4,49.7,73.6,58.5,42.0,70.1,53.9,59.3,38.1,59.3,58.9,38.9,77.4,45.1,37.0,38.1,52.8,52.8,49.7,64.7,47.4,46.2,49.7,51.6,73.9,58.2,57.4,48.5,40.0,52.8,43.9,45.4,50.8,53.9,54.3,49.3,45.1,48.1,66.2,110.0,151.0,93.6,136.0,123.0,149.0,299.0,162.0,139.0,124.0,124.0,112.0,214.0,126.0,145.0,135.0,160.0,138.0,124.0,130.0,118.0,129.0,129.0,141.0,117.0
ABC3-O31711,60.8,69.7,64.7,53.9,62.0,73.6,76.3,60.5,63.5,56.2,69.7,64.7,55.8,58.2,37.4,60.8,55.1,55.5,63.9,62.4,71.2,59.7,65.1,48.9,61.6,55.1,60.1,37.7,87.4,73.9,48.9,68.6,68.9,89.4,68.9,40.0,72.8,53.9,86.3,64.7,52.4,83.2,72.8,52.4,49.3,52.4,72.0,45.1,75.1,45.8,44.7,47.4,66.6,65.1,65.9,62.0,68.2,56.6,49.7,55.1,70.5,73.6,63.5,58.5,53.5,70.1,52.8,55.1,55.8,51.2,51.2,53.9,53.5,51.2,60.1,132.0,159.0,114.0,149.0,148.0,159.0,162.0,304.0,147.0,142.0,141.0,145.0,171.0,145.0,167.0,163.0,197.0,151.0,147.0,142.0,135.0,138.0,137.0,142.0,134.0
ABC3-O34392,75.1,73.2,68.2,55.5,62.4,73.9,60.5,57.8,73.2,58.5,72.4,65.9,52.4,67.4,45.4,58.5,52.4,62.0,69.3,66.2,64.7,62.8,61.2,60.1,58.9,61.6,57.0,44.3,87.4,85.9,55.5,68.9,67.8,80.9,58.5,42.0,73.6,47.4,94.4,60.8,64.3,80.9,78.2,57.4,57.0,57.4,65.9,47.4,82.0,45.8,48.9,55.5,55.5,72.0,79.3,75.1,60.8,60.5,45.8,62.8,80.5,57.8,69.7,70.9,52.8,70.5,53.9,57.4,63.5,66.6,80.9,64.3,65.5,63.2,60.8,137.0,145.0,118.0,136.0,127.0,156.0,139.0,147.0,305.0,142.0,139.0,112.0,147.0,127.0,144.0,124.0,147.0,138.0,131.0,137.0,133.0,140.0,132.0,165.0,136.0
ABC3-O34697,63.9,69.3,66.6,50.8,63.9,75.1,59.3,62.4,66.6,54.3,61.6,65.9,63.5,57.4,38.9,64.3,50.8,57.4,63.2,69.3,67.0,51.2,58.9,55.1,58.5,50.8,59.7,35.0,81.6,73.9,27.7,63.9,71.6,77.8,66.6,35.0,66.6,42.0,95.5,59.7,54.7,76.3,52.4,52.0,38.5,52.0,72.0,37.4,82.4,44.3,52.4,67.4,80.5,73.2,75.5,72.8,64.3,70.9,58.9,72.4,84.0,73.2,73.6,71.6,69.7,72.0,68.9,72.4,72.8,66.6,72.4,73.2,72.8,80.5,70.1,122.0,132.0,113.0,125.0,123.0,130.0,124.0,142.0,142.0,302.0,132.0,120.0,138.0,139.0,123.0,117.0,131.0,117.0,135.0,162.0,183.0,133.0,201.0,136.0,128.0
ABC3-OLS17115,69.3,64.7,70.1,43.5,57.4,78.2,60.1,59.3,61.6,58.9,62.4,64.3,53.9,57.0,38.9,46.6,60.8,61.2,70.5,58.2,57.4,52.4,68.9,46.6,52.0,54.7,63.9,37.0,87.8,86.3,48.1,64.7,67.8,78.6,67.4,45.8,63.5,54.3,65.9,69.7,51.6,70.1,70.5,45.8,36.6,45.8,65.5,42.0,75.9,44.3,45.4,63.5,66.2,62.0,60.1,62.0,68.6,69.7,56.6,65.5,73.9,53.5,68.2,63.9,66.2,67.0,63.2,66.2,53.5,58.5,58.2,51.6,57.4,64.3,65.9,125.0,135.0,115.0,137.0,139.0,148.0,124.0,141.0,139.0,132.0,294.0,120.0,130.0,117.0,147.0,137.0,149.0,130.0,140.0,124.0,136.0,133.0,150.0,135.0,180.0
ABC3-OLS22653,56.6,48.5,63.2,37.4,46.6,64.7,54.3,48.5,54.3,42.4,54.7,52.8,38.1,43.9,32.7,48.5,43.5,47.8,50.4,49.3,55.5,35.4,60.8,43.9,32.3,49.3,48.5,37.4,65.5,73.9,46.6,68.6,71.2,82.4,63.2,42.7,62.0,47.0,66.6,60.8,42.7,73.6,67.8,43.5,47.0,43.5,53.5,42.7,68.6,42.0,49.3,43.9,65.1,60.5,63.5,63.5,59.7,50.1,60.8,51.6,67.8,64.3,62.8,62.8,51.6,55.5,51.2,55.5,54.3,57.8,63.5,53.1,58.2,46.2,54.7,125.0,129.0,122.0,125.0,129.0,123.0,112.0,145.0,112.0,120.0,120.0,322.0,113.0,120.0,129.0,122.0,127.0,112.0,132.0,115.0,112.0,138.0,124.0,126.0,118.0
ABC3-P75831,65.5,60.1,69.7,53.1,68.2,64.3,65.1,58.9,66.6,46.6,75.1,72.0,53.5,51.2,37.0,48.9,43.9,60.5,60.1,66.6,67.8,48.1,58.5,48.9,61.2,46.6,57.8,32.3,70.1,68.9,39.7,61.2,65.1,77.0,57.0,37.7,67.4,47.0,76.3,64.7,40.8,73.9,64.3,47.4,39.7,47.4,67.8,45.1,80.5,41.6,43.5,40.4,66.6,54.7,60.5,60.1,53.5,44.7,50.4,57.0,79.3,57.0,60.8,57.0,45.8,58.5,52.0,45.8,59.3,57.8,59.7,60.1,51.2,46.2,68.2,137.0,146.0,102.0,141.0,120.0,145.0,214.0,171.0,147.0,138.0,130.0,113.0,299.0,144.0,148.0,144.0,164.0,140.0,122.0,126.0,125.0,135.0,132.0,128.0,124.0
ABC3-Q03RZ6,66.2,55.1,64.3,55.1,58.9,70.1,60.5,51.2,60.5,50.8,53.1,57.0,53.9,58.5,34.3,50.4,58.9,50.8,64.7,59.3,55.5,52.4,59.7,51.6,55.1,53.1,40.8,38.1,75.9,69.7,35.8,65.5,65.5,72.8,70.9,35.0,73.9,53.9,65.1,78.2,34.7,82.8,62.4,47.0,31.6,47.0,69.3,33.5,60.8,36.6,42.0,54.3,65.5,60.1,66.6,74.7,56.6,54.7,62.0,57.8,93.2,56.2,55.1,64.3,49.3,73.6,57.0,57.0,57.8,60.5,58.5,56.6,60.1,63.2,60.8,131.0,146.0,102.0,114.0,117.0,139.0,126.0,145.0,127.0,139.0,117.0,120.0,144.0,300.0,134.0,137.0,135.0,131.0,121.0,122.0,130.0,134.0,132.0,140.0,115.0
ABC3-Q58206,67.4,67.8,61.6,49.3,57.8,79.3,63.5,49.3,65.1,53.9,62.0,72.8,54.7,61.2,33.1,58.9,60.1,64.7,69.3,58.2,58.2,48.1,67.4,48.5,46.2,48.1,42.0,37.7,79.0,80.1,47.0,59.3,56.2,75.1,57.4,40.0,58.2,44.3,77.8,70.9,58.5,79.7,63.2,55.1,38.5,55.1,60.5,43.9,71.2,41.6,42.4,47.4,52.4,58.9,63.2,72.0,61.6,48.9,50.8,69.7,77.0,53.1,67.4,68.9,53.9,60.5,46.6,51.6,50.1,63.5,64.7,47.8,47.8,53.9,59.7,139.0,167.0,119.0,180.0,134.0,164.0,145.0,167.0,144.0,123.0,147.0,129.0,148.0,134.0,310.0,162.0,179.0,140.0,142.0,129.0,138.0,155.0,137.0,143.0,145.0
ABC3-Q73MJ2,65.9,67.8,86.7,34.3,71.2,64.3,72.0,57.0,70.5,54.7,76.6,60.5,45.8,69.7,35.0,52.0,57.8,58.9,68.9,72.8,73.2,51.2,69.3,44.7,52.4,52.4,55.1,36.2,87.8,69.7,43.9,65.5,63.9,76.3,57.0,42.0,81.6,38.9,73.9,75.5,39.7,87.4,82.8,38.1,34.7,38.1,74.7,39.3,63.5,32.7,43.1,60.5,59.7,60.8,59.7,61.2,49.7,47.8,48.1,55.8,64.3,68.9,56.6,58.2,52.4,60.8,48.5,51.2,57.0,48.9,54.3,63.5,58.2,42.7,60.8,122.0,150.0,115.0,142.0,128.0,147.0,135.0,163.0,124.0,117.0,137.0,122.0,144.0,137.0,162.0,299.0,156.0,129.0,126.0,122.0,124.0,141.0,119.0,135.0,132.0
ABC3-Q8DQF8,74.3,63.2,57.4,40.8,59.7,73.9,68.9,50.8,70.5,45.4,61.2,67.8,51.6,56.6,38.5,42.0,57.0,58.2,66.6,63.2,63.5,56.2,61.6,43.9,43.1,60.5,54.7,38.5,88.2,69.7,53.1,70.1,61.2,77.4,55.5,41.6,63.9,52.0,72.4,73.2,45.1,78.6,72.8,53.1,34.3,53.1,78.6,40.0,65.5,38.1,55.8,45.4,58.5,53.5,60.1,56.2,59.3,46.6,54.7,59.7,76.3,49.7,62.8,66.6,48.5,68.2,50.8,50.4,52.4,62.0,57.0,53.9,55.1,53.1,64.7,130.0,160.0,112.0,148.0,142.0,158.0,160.0,197.0,147.0,131.0,149.0,127.0,164.0,135.0,179.0,156.0,299.0,159.0,148.0,138.0,137.0,148.0,132.0,138.0,152.0
ABC3-Q8RKC1,67.4,58.2,60.8,48.5,62.0,67.4,70.5,48.5,63.9,52.8,65.5,63.2,49.3,53.9,33.5,50.8,52.0,55.1,61.2,57.8,59.3,50.8,65.1,50.8,45.4,57.8,47.0,36.6,72.0,72.0,37.7,56.2,61.6,67.8,70.5,36.6,60.8,38.5,68.6,62.8,39.7,68.2,75.9,40.8,35.8,40.8,57.0,31.6,60.5,31.6,52.4,58.5,59.3,60.8,66.6,53.1,63.9,46.2,53.1,59.3,67.4,55.5,61.6,63.2,54.3,61.2,52.8,56.2,55.1,54.3,59.7,52.4,55.8,49.3,67.0,122.0,139.0,112.0,131.0,137.0,152.0,138.0,151.0,138.0,117.0,130.0,112.0,140.0,131.0,140.0,129.0,159.0,299.0,118.0,116.0,123.0,125.0,133.0,119.0,129.0
ABC3-Q8TM30,57.0,67.4,65.9,38.9,55.1,80.9,56.2,53.9,68.6,50.4,59.7,55.8,45.8,51.2,37.4,48.1,45.4,53.1,67.0,55.1,64.3,51.2,58.9,52.0,45.1,46.2,60.8,39.7,78.6,78.2,48.5,61.2,64.7,79.3,50.1,44.3,72.4,50.8,76.6,58.9,54.3,85.9,67.4,63.9,44.3,63.9,68.2,45.8,75.1,47.8,51.6,57.4,59.3,53.1,62.4,69.7,72.0,59.7,46.2,63.5,83.2,53.1,57.8,71.2,58.2,68.2,57.4,60.8,55.8,48.5,50.4,53.5,52.4,56.6,51.2,132.0,148.0,123.0,142.0,145.0,149.0,124.0,147.0,131.0,135.0,140.0,132.0,122.0,121.0,142.0,126.0,148.0,118.0,307.0,137.0,133.0,150.0,146.0,134.0,137.0
ABC3-Q8VUH2,75.9,70.1,72.8,52.0,67.4,75.5,69.7,60.8,78.6,60.1,65.9,71.2,45.8,83.6,40.8,50.8,58.2,60.5,78.6,79.0,81.3,57.8,72.4,55.1,63.2,60.5,61.6,48.9,80.1,65.1,41.2,60.8,67.0,63.9,54.3,38.9,57.0,55.5,87.8,66.6,54.7,63.2,59.3,45.1,50.1,45.1,64.7,46.6,87.4,45.4,49.7,63.5,59.3,53.1,63.9,70.9,69.7,58.2,63.5,70.1,79.3,62.4,64.3,69.7,63.9,78.2,58.2,58.9,53.9,63.9,66.2,55.1,61.2,62.8,68.2,123.0,131.0,108.0,137.0,127.0,139.0,130.0,142.0,137.0,162.0,124.0,115.0,126.0,122.0,129.0,122.0,138.0,116.0,137.0,298.0,166.0,134.0,160.0,128.0,132.0
ABC3-Q8Y5F0,67.4,68.2,57.4,51.2,62.4,70.5,63.2,57.0,71.2,53.9,66.6,70.5,55.8,54.7,37.0,58.9,57.8,59.7,72.0,65.1,65.9,63.5,69.3,49.3,56.2,70.5,59.7,44.3,76.3,73.9,40.8,67.4,66.6,68.9,68.2,40.8,72.4,56.2,77.4,71.2,58.2,73.2,77.0,45.8,42.4,45.8,79.7,63.2,78.6,55.5,48.5,68.2,67.0,64.3,66.2,68.2,68.2,75.1,60.1,67.8,72.0,65.5,72.0,69.3,70.1,62.8,73.9,62.8,58.5,58.9,58.2,60.5,59.3,74.3,58.2,122.0,125.0,111.0,129.0,128.0,129.0,118.0,135.0,133.0,183.0,136.0,112.0,125.0,130.0,138.0,124.0,137.0,123.0,133.0,166.0,295.0,133.0,181.0,142.0,118.0
ABC3-Q973J6,70.1,62.8,69.3,52.4,68.6,77.0,63.2,54.7,81.3,60.1,68.9,75.9,55.8,60.1,41.6,57.8,73.6,63.2,83.2,65.1,62.8,55.1,63.5,51.2,54.7,46.2,50.8,37.7,85.5,91.3,55.5,66.2,69.7,72.0,69.3,40.4,68.9,40.8,85.1,73.6,48.9,71.2,78.6,54.3,28.5,54.3,61.6,43.1,70.9,39.7,38.1,53.9,65.5,50.8,54.7,63.5,60.8,48.9,48.5,55.5,74.7,60.5,54.3,66.2,44.7,62.8,45.8,48.5,49.7,53.1,63.5,46.6,44.3,52.0,58.9,129.0,141.0,131.0,147.0,133.0,164.0,129.0,138.0,140.0,133.0,133.0,138.0,135.0,134.0,155.0,141.0,148.0,125.0,150.0,134.0,133.0,299.0,127.0,140.0,133.0
ABC3-Q9RL74,75.5,64.3,63.2,58.5,72.8,74.7,63.5,62.0,71.2,54.7,60.8,65.1,55.1,67.0,30.8,58.2,48.5,58.9,65.5,72.4,77.8,47.4,66.2,58.9,52.8,63.9,50.4,39.7,86.7,73.2,30.0,57.0,68.6,84.7,58.5,42.7,58.5,47.0,79.7,65.9,59.7,80.1,60.1,45.8,41.2,45.8,59.7,40.4,79.0,38.1,40.0,70.1,66.2,70.1,72.4,80.5,73.2,71.6,55.8,74.3,98.2,63.9,67.0,71.2,73.9,70.9,74.3,77.0,77.4,67.0,66.2,72.8,73.2,69.7,65.1,120.0,132.0,109.0,130.0,130.0,128.0,129.0,137.0,132.0,201.0,150.0,124.0,132.0,132.0,137.0,119.0,132.0,133.0,146.0,160.0,181.0,127.0,301.0,143.0,125.0
ABC3-RCX16582,64.3,55.8,66.2,46.6,53.5,61.2,50.8,49.7,62.0,53.9,61.2,53.5,41.2,61.2,33.1,58.2,48.9,52.0,62.4,53.1,53.9,48.1,62.8,47.8,44.3,61.2,58.2,44.3,83.6,84.7,51.6,63.2,55.1,80.1,62.0,40.8,79.7,50.8,74.7,62.0,50.1,83.6,87.0,50.4,52.8,50.4,65.1,55.5,66.6,44.7,29.3,47.8,50.8,57.4,58.9,66.2,58.9,57.4,44.3,65.1,69.7,53.1,63.2,65.9,51.2,51.2,49.7,58.9,57.8,52.8,65.5,61.6,61.2,53.5,54.7,135.0,152.0,113.0,130.0,131.0,157.0,141.0,142.0,165.0,136.0,135.0,126.0,128.0,140.0,143.0,135.0,138.0,119.0,134.0,128.0,142.0,140.0,143.0,303.0,119.0
ABC3-RDE13438,71.2,64.7,66.6,42.0,55.8,70.1,64.3,54.7,65.9,52.0,72.4,72.8,50.4,70.1,31.6,47.4,49.7,62.8,73.6,71.2,66.6,57.8,72.4,46.6,48.9,62.8,67.8,44.3,89.4,91.3,42.4,65.1,76.6,78.2,68.2,50.4,62.4,38.5,81.3,63.5,53.1,81.3,80.9,53.5,43.1,53.5,72.8,48.1,70.1,45.1,43.1,72.4,74.3,62.0,66.2,70.1,61.6,67.4,65.1,75.5,82.4,62.4,62.8,72.4,51.2,65.1,55.5,61.6,55.8,62.0,54.7,57.0,59.7,69.3,78.2,122.0,124.0,125.0,128.0,120.0,138.0,117.0,134.0,136.0,128.0,180.0,118.0,124.0,115.0,145.0,132.0,152.0,129.0,137.0,132.0,118.0,133.0,125.0,119.0,305.0
